sehir,grup,kosuCinsi,mesafe,pist,siklet,yas,handikap,jokey,tam_salise
Ankara,3_ve_Yukari_Ingilizler,Handikap_16_H1,1400,Kum,63,6ydg,74,MehmetAKYAVUZ,8851
Ankara,3_Yasli_Ingilizler,KV_7,2100,Kum,58,3yde,81,HalisKARATAS,13761
Ankara,3_Yasli_Araplar,Handikap_14_Disi_H2,1300,Cim,57,3yad,48,VedatABIS,8554
Ankara,4_ve_Yukari_Araplar,Handikap_21_H1,2000,Kum,59.5,5yka,89,MuhammetOZDEMIR,14410
Ankara,3_Yasli_Ingilizler,Handikap_15_H1,1600,Cim,57.5,3yde,49,HalisKARATAS,9573
Ankara,3_ve_Yukari_Ingilizler,KV_8,1400,Cim,58,4yda,90,HalisKARATAS,8174
Ankara,3_Yasli_Araplar,SATIS_3,1400,Cim,57,3yke,37,UgurTEMUR,9370
Izmir,3_ve_Yukari_Ingilizler,Handikap_14_H2,1200,Cim,55.5,4yda,35,AlaattinKURUNDUK,7157
Izmir,2_Yasli_Ingilizler,KV_7,1300,Cim,53,2yde,50,NevzatAVCI,7961
Izmir,3_Yasli_Ingilizler,SARTLI_3,1200,Cim,61,3yde,40,BekirMertMIRIK,7206
Izmir,3_Yasli_Araplar,Maiden,1200,Kum,57,3yde,30,HuseyinSIMSEK,8463
Izmir,3_ve_Yukari_Ingilizler,KV_6,1900,Cim,60,4yaa,76,KadirTOKACOGLU,11641
Izmir,4_Yasli_Araplar,SARTLI_3,1300,Cim,58,4yaa,40,AdemSEN,8649
Izmir,3_Yasli_Ingilizler,Handikap_15_H2,2000,Kum,52,3ydd,35,MuhammedMirBILGIN,13232
Bursa,3_ve_Yukari_Ingilizler,SARTLI_4,1300,Kum,56,4yda,46,MahsunDEMIRBAS,8071
Bursa,4_Yasli_Araplar,KV_6,1300,Cim,56,4yka,80,MahsunDEMIRBAS,8421
Bursa,3_ve_Yukari_Ingilizler,Handikap_14_H2,1700,Cim,63,5yaa,50,AhmetCELIK,10451
Bursa,3_Yasli_Araplar,A_3,1200,Cim,55,3ydd,71,ErcanCANKAYA,7819
Bursa,3_Yasli_Ingilizler,SARTLI_5,2000,Cim,56,3ydd,55,OnurOZTURK,12427
Bursa,4_ve_Yukari_Araplar,Handikap_17_H2,1400,Kum,50,5yka,51,OnurYILDIZ,9623
Bursa,4_Yasli_Araplar,Handikap_14_H2,1800,Cim,55,4yka,36,OnurYILDIZ,12069
Istanbul,3_Yasli_Ingilizler,Handikap_16_H1,2200,Sentetik,52,3yde,52,AdemASLAN,14298
Istanbul,3_Yasli_Araplar,SARTLI_5,1300,Sentetik,57,3yde,59,MertGokalpARSLAN,8850
Istanbul,3_ve_Yukari_Ingilizler,Handikap_15_H1,1400,Cim,56,4ydg,48,GokhanKOCAKAYA,8399
Istanbul,3_Yasli_Ingilizler,KV_8,1500,Sentetik,58,3yae,77,MucahitBAYIR,9134
Istanbul,4_ve_Yukari_Araplar,KV_6,1600,Cim,58,7yaa,111,SadettinBOYRAZ,10476
Istanbul,3_Yasli_Araplar,Maiden_Satis,1300,Cim,53,3ykd,36,DanyalKAYA,8855
Istanbul,4_ve_Yukari_Araplar,Handikap_15_H1,1200,Sentetik,53,4yka,42,MetinHAMEDI,7842
Ankara,3_ve_Yukari_Ingilizler,SARTLI_4_Disi,2200,Cim,55,5ydk,49,KadirDEMIREL,13848
Ankara,3_Yasli_Ingilizler,SARTLI_4,1400,Cim,56,3yde,69,VedatABIS,8393
Ankara,4_Yasli_Araplar,Handikap_16_H1,2200,Cim,58,4yaa,52,KaancanGOKCE,15206
Ankara,4_Yasli_Araplar,SARTLI_3_Disi,1500,Kum,55,4yak,39,EmrahSINCAN,10711
Ankara,2_Yasli_Ingilizler,KV_6_Disi,1300,Cim,54,2ydd,47,HalisKARATAS,7827
Ankara,2_Yasli_Ingilizler,Maiden,1300,Cim,57,2yde,41,AyhanKURSUN,7854
Ankara,4_ve_Yukari_Araplar,SARTLI_2,1900,Cim,55,5ykk,33,MuslumBAYDAN,13026
Ankara,3_Yasli_Araplar,G_3,1400,Kum,57,3yke,90,HalisKARATAS,9900
Kocaeli,3_Yasli_Araplar,Maiden_Disi,1400,Kum,57,3ydd,33,MuratGUNDUZELI,10116
Kocaeli,3_Yasli_Araplar,Maiden_Disi,1400,Kum,54,3ykd,29,AlicanINCI,9969
Kocaeli,4_Yasli_Araplar,Handikap_14_Disi_H2,1500,Kum,50,4ykk,27,SelimIPEK,10382
Kocaeli,4_ve_Yukari_Araplar,SARTLI_3,1500,Kum,57.5,7yka,94,MuhammedMirBILGIN,10225
Kocaeli,3_Yasli_Ingilizler,Handikap_14_H2,2000,Kum,61.5,3yde,48,MehmetKAYA,13364
Kocaeli,3_Yasli_Araplar,Maiden_Disi,1400,Kum,53,3ykd,33,MehmetNuriSUNKAR,10173
Kocaeli,3_ve_Yukari_Ingilizler,SARTLI_3,1500,Kum,55,4yda,35,MuhammedMirBILGIN,9401
Elazig,2_Yasli_Ingilizler,Maiden_Disi,1200,Kum,55,2ydd,27,CanerTEPE,7933
Elazig,4_ve_Yukari_Araplar,Handikap_15_H3,1600,Kum,54.5,6yka,40,SadikALTAY,11602
Elazig,3_Yasli_Ingilizler,SARTLI_5,1600,Kum,60,3yae,55,HalilPARILDAR,10464
Elazig,4_ve_Yukari_Araplar,SARTLI_5,1200,Kum,53,5yda,83,AliSENBAHAR,8317
Elazig,3_Yasli_Ingilizler,Handikap_16_Disi_H3,1900,Kum,50,3yad,37,MuhammedBaranCAKMAK,12703
Elazig,2_Yasli_Ingilizler,Maiden_Disi,1200,Kum,57,2ydd,28,MehmetAliAKTURK,7979
Elazig,3_ve_Yukari_Ingilizler,Handikap_15_H3,1200,Kum,55,5yda,39,MehmetDOGAN,7463
Istanbul,3_Yasli_Ingilizler,SARTLI_3,1300,Sentetik,58,3yde,78,TolgaYILDIZ,8038
Istanbul,2_Yasli_Ingilizler,Maiden,1400,Cim,55,2ydd,38,HalisKARATAS,8620
Istanbul,3_ve_Yukari_Ingilizler,SARTLI_4,2000,Sentetik,57,4yda,79,ErcanCANKAYA,12874
Istanbul,4_ve_Yukari_Araplar,Handikap_16_H1,1900,Cim,55.5,4yaa,55,GokhanYILDIZ,12770
Istanbul,4_ve_Yukari_Araplar,SARTLI_5,1500,Sentetik,59.5,6yaa,82,AkinSOZEN,10408
Istanbul,3_Yasli_Araplar,G_2,1400,Cim,57,3yke,95,MehmetAKYAVUZ,9112
Istanbul,3_Yasli_Araplar,SARTLI_4,1600,Cim,57,3yke,50,GokhanKOCAKAYA,10879
Istanbul,4_Yasli_Araplar,Handikap_14_H1,1600,Cim,52,4yka,33,HalilKAPLAN,10726
Ankara,4_ve_Yukari_Araplar,SARTLI_3,2000,Kum,55,6yaa,57,VedatABIS,14646
Ankara,3_Yasli_Araplar,KV_7,1400,Cim,55,3yke,60,AhmetCELIK,9436
Ankara,3_ve_Yukari_Ingilizler,Handikap_17_H1,1300,Cim,50,4ykk,49,MuslumBAYDAN,7766
Ankara,3_Yasli_Ingilizler,Handikap_16_H1,1200,Kum,59.5,3yde,64,ErcanCANKAYA,7408
Ankara,2_Yasli_Ingilizler,Maiden,1400,Kum,57,2yae,33,OzcanYILDIRIM,9098
Ankara,4_ve_Yukari_Araplar,G_2,2200,Cim,60,5yaa,117,AhmetCELIK,15225
Ankara,3_ve_Yukari_Ingilizler,KV_6,1900,Cim,53.5,3ykd,67,MehmetSalihCELIK,11647
Ankara,4_ve_Yukari_Araplar,Handikap_16_Disi_H1,1300,Cim,54,5ykk,57,FatihRustemBEBEK,8524
Kocaeli,3_ve_Yukari_Ingilizler,SARTLI_5,2000,Kum,55,6yda,70,DanyalKAYA,13020
Kocaeli,3_Yasli_Ingilizler,Maiden,1500,Kum,58,3yde,35,AyhanKURSUN,9561
Kocaeli,3_Yasli_Ingilizler,Handikap_15_Disi_H2,1700,Kum,55,3yad,43,FurkanYUKSEL,11138
Kocaeli,4_ve_Yukari_Araplar,Handikap_15_H2,1800,Kum,59,6yka,58,NizamettinDEMIR,13035
Kocaeli,4_ve_Yukari_Araplar,KV_6,1200,Kum,59,5ykk,90,OnurYILDIZ,8079
Kocaeli,3_Yasli_Araplar,SARTLI_4,1400,Kum,60,3yae,51,TolgaYILDIZ,9848
Kocaeli,3_Yasli_Ingilizler,Maiden,1500,Kum,55,3yde,26,BerkanCIGLA,9617
Bursa,3_Yasli_Araplar,Maiden,1300,Kum,57,3yke,33,NevzatAVCI,9230
Bursa,3_ve_Yukari_Ingilizler,SARTLI_5,1800,Kum,57,5yda,84,ErcanCANKAYA,11708
Bursa,2_Yasli_Ingilizler,SARTLI_5,1400,Kum,55,2yde,46,AyhanKURSUN,8983
Bursa,4_ve_Yukari_Araplar,Handikap_15_Disi_H2,2100,Kum,59.5,5yak,47,ErcanCANKAYA,15157
Bursa,4_Yasli_Araplar,SARTLI_3,2100,Kum,58,4yka,45,VedatABIS,15098
Bursa,3_Yasli_Araplar,SARTLI_3,1400,Kum,58,3yke,44,VedatABIS,9885
Bursa,3_ve_Yukari_Ingilizler,SARTLI_4,1900,Kum,54,6ydk,75,AyhanKURSUN,12232
Bursa,3_Yasli_Araplar,Maiden,1300,Kum,57,3yae,32,TugayALICI,9167
Bursa,4_ve_Yukari_Araplar,SARTLI_3,1400,Kum,55,4yaa,75,MahsunDEMIRBAS,9681
Elazig,2_Yasli_Ingilizler,SARTLI_3_Disi,1200,Kum,57,2yad,42,YusufCENGIZ,7785
Elazig,3_Yasli_Ingilizler,Maiden,1900,Kum,58,3yae,25,NecmiALTIN,13068
Elazig,3_Yasli_Araplar,Handikap_14_H3,1200,Kum,54.5,3yae,34,BurakBEKTAS,8469
Elazig,4_ve_Yukari_Araplar,Handikap_16_Disi_H3,1600,Kum,63,6ykk,63,VedatKIZMAZ,11385
Elazig,3_Yasli_Ingilizler,Maiden,1900,Kum,54,3ydd,24,CanerTEPE,13101
Elazig,3_ve_Yukari_Ingilizler,KV_7,1200,Kum,58,6ydk,69,NecmiALTIN,7450
Elazig,3_Yasli_Ingilizler,Maiden,1900,Kum,58,3yde,13,IsaAKYAVUZ,12840
Elazig,3_ve_Yukari_Ingilizler,Handikap_15_H3,2000,Kum,60,4yda,49,HuseyinALTUNKILIC,13361
Istanbul,2_Yasli_Ingilizler,SARTLI_2,1400,Cim,52,2ydd,30,AdemASLAN,8573
Istanbul,3_Yasli_Ingilizler,SARTLI_5,1600,Cim,60,3yde,77,AhmetCELIK,9644
Istanbul,3_ve_Yukari_Ingilizler,KV_8,1900,Cim,58,5yaa,94,HalisKARATAS,11638
Istanbul,4_ve_Yukari_Araplar,Handikap_16_H1,1400,Cim,50,6yaa,45,MustafaKemalKUMBASAR,9278
Istanbul,3_Yasli_Araplar,Maiden,1500,Sentetik,57,3yke,37,MuslumCELIK,10604
Istanbul,3_ve_Yukari_Ingilizler,G_1,1600,Cim,58,4yda,113,AhmetCELIK,9607
Istanbul,3_ve_Yukari_Ingilizler,KV_8_Disi,1200,Cim,60,4ydk,94,GokhanKOCAKAYA,7152
Istanbul,4_ve_Yukari_Araplar,G_3,1500,Sentetik,58,4yka,110,HalisKARATAS,10055
Istanbul,3_Yasli_Araplar,Maiden,1500,Sentetik,58,3ykd,37,AhmetCELIK,10440
Izmir,3_Yasli_Ingilizler,Handikap_16_H2,1300,Cim,58.5,3yae,64,GorkemOZCELIK,7755
Izmir,3_Yasli_Ingilizler,SARTLI_5,1900,Cim,53,3ydd,39,NevzatAVCI,11815
Izmir,4_ve_Yukari_Araplar,KV_7,1900,Cim,61,4yaa,86,OkanGOKCE,12891
Izmir,3_Yasli_Araplar,SARTLI_4,1200,Cim,55,3yad,39,BarisKURDU,7876
Izmir,3_ve_Yukari_Ingilizler,Handikap_16_H2,2400,Cim,51,5yda,40,MuhammedMirBILGIN,15387
Izmir,3_ve_Yukari_Ingilizler,SARTLI_2,2000,Kum,60,4yda,64,NevzatAVCI,13131
Ankara,2_Yasli_Ingilizler,SARTLI_4_Disi,1200,Kum,59,2yad,42,MuslumCELIK,7591
Ankara,3_ve_Yukari_Ingilizler,SARTLI_4,1600,Cim,58,4yda,88,IsmailYILDIRIM,9722
Ankara,3_Yasli_Araplar,SARTLI_4,1300,Kum,57,3yke,56,MehmetAKYAVUZ,9175
Ankara,3_Yasli_Ingilizler,Maiden,1600,Cim,58,3yde,28,FatihRustemBEBEK,9790
Ankara,3_ve_Yukari_Ingilizler,Handikap_16_H1,1900,Cim,53,4yda,47,EmrahSINCAN,11803
Ankara,2_Yasli_Ingilizler,G_1,1300,Cim,57,2yde,86,AyhanKURSUN,7765
Ankara,4_ve_Yukari_Araplar,KV_6,1600,Cim,54,5ykk,90,MuslumCELIK,10582
Ankara,3_ve_Yukari_Ingilizler,G_1_Disi,1600,Cim,55.5,3ydd,106,GokhanKOCAKAYA,9649
Ankara,3_Yasli_Ingilizler,Maiden,1600,Cim,58,3yde,36,HarunKILICARSLAN,9771
Izmir,3_ve_Yukari_Ingilizler,SARTLI_3,2000,Cim,57,5yaa,54,MustafaCICEK,12393
Izmir,3_Yasli_Araplar,Maiden,1200,Cim,57,3yae,33,SinanOZEN,8059
Izmir,3_ve_Yukari_Ingilizler,SARTLI_4,1300,Cim,59,4yda,72,AliYILDIZ,7726
Izmir,4_ve_Yukari_Araplar,Handikap_16_H2,1900,Kum,50,5yka,34,BurakAVERBAK,13591
Izmir,4_ve_Yukari_Araplar,SARTLI_4,1200,Cim,56,6yka,90,MustafaCICEK,7760
Izmir,3_Yasli_Ingilizler,SARTLI_5,2000,Kum,54,3ydd,76,NevzatAVCI,13007
Izmir,3_Yasli_Araplar,Maiden,1200,Cim,55,3yad,33,HalilKAPLAN,8023
Izmir,3_Yasli_Ingilizler,Handikap_14_H2,1600,Kum,57,3yde,40,KaancanGOKCE,10341
Bursa,3_ve_Yukari_Ingilizler,Handikap_15_H2,2400,Cim,61,7yda,53,CetinTAS,15293
Bursa,3_Yasli_Araplar,Maiden,1200,Cim,60,3yde,36,HismanCIZIK,8172
Bursa,4_ve_Yukari_Araplar,SARTLI_5,2200,Cim,54,6yak,80,GorkemOZCELIK,15298
Bursa,3_Yasli_Ingilizler,KV_8_Disi,1400,Cim,58,3ydd,74,AhmetOLUK,8408
Bursa,3_Yasli_Araplar,Maiden,1200,Cim,57,3yae,32,AhmetARSLAN,8078
Bursa,2_Yasli_Ingilizler,SARTLI_3,1400,Kum,51,2ydd,37,FurkanHIM,8939
Bursa,3_ve_Yukari_Ingilizler,KV_9,2000,Kum,58,4yda,101,HismanCIZIK,12850
Bursa,4_ve_Yukari_Araplar,G_3,1500,Cim,59,6yaa,112,NevzatAVCI,9692
Bursa,3_Yasli_Araplar,Maiden,1200,Cim,55,3yad,31,MustafaCICEK,8023
Bursa,3_Yasli_Ingilizler,Handikap_15_H2,1200,Kum,57.5,3yde,42,OnurOZTURK,7320
Istanbul,4_ve_Yukari_Araplar,SARTLI_4,2100,Cim,60,5yaa,82,AhmetCELIK,14395
Istanbul,3_Yasli_Ingilizler,Handikap_16_Disi_H1,2100,Cim,52,3ydd,48,IlkerSOYAD,13197
Istanbul,3_Yasli_Ingilizler,SATIS_4,1900,Cim,58,3yde,43,MuslumBAYDAN,11932
Istanbul,3_Yasli_Araplar,SARTLI_2,1200,Sentetik,58,3yad,41,MehmetKAYA,8293
Istanbul,3_ve_Yukari_Ingilizler,G_2,2400,Cim,58,4yaa,102,AhmetCELIK,14982
Istanbul,3_ve_Yukari_Ingilizler,KV_6,1200,Cim,60,4yda,90,MehmetKAYA,7045
Istanbul,4_Yasli_Araplar,Handikap_16_H1,2200,Sentetik,56.5,4yda,58,GokhanKOCAKAYA,15693
Ankara,4_ve_Yukari_Araplar,SARTLI_4_Disi,2200,Cim,56,6yak,42,MehmetSalihCELIK,15528
Ankara,3_Yasli_Ingilizler,Handikap_16_H1,2000,Kum,54.5,3yde,55,MuslumCELIK,13072
Ankara,4_Yasli_Araplar,Handikap_16_H1,2200,Kum,50,4yaa,43,MehmetKESKIN,15959
Ankara,3_Yasli_Ingilizler,SARTLI_5_Disi,1600,Cim,54,3ykd,52,VedatABIS,9602
Ankara,4_Yasli_Araplar,KV_8,1400,Cim,58,4yaa,95,MuslumCELIK,9311
Ankara,3_ve_Yukari_Ingilizler,KV_6,2100,Kum,56,4ydk,98,AhmetCELIK,14084
Ankara,4_ve_Yukari_Araplar,Handikap_16_H1,1600,Cim,51,4yak,43,NizamettinDEMIR,10906
Kocaeli,3_Yasli_Araplar,SARTLI_2_Disi,1500,Kum,57,3ykd,29,HalilKAPLAN,10747
Kocaeli,2_Yasli_Ingilizler,SARTLI_4_Disi,1400,Kum,60,2ydd,50,MustafaCICEK,8913
Kocaeli,4_Yasli_Araplar,Handikap_16_H2,1200,Kum,55.5,4yka,58,OnurATMACA,8313
Kocaeli,3_ve_Yukari_Ingilizler,Handikap_16_H2,1400,Kum,62,4ydk,62,KaancanGOKCE,8924
Kocaeli,3_Yasli_Araplar,Maiden,1500,Kum,51,3yad,31,GorkemOZCELIK,10868
Kocaeli,3_Yasli_Ingilizler,KV_6_Disi,1400,Kum,58,3ydd,58,AyhanKURSUN,8730
Kocaeli,3_Yasli_Araplar,Maiden,1500,Kum,57,3yke,37,GokhanGOKCE,10818
Kocaeli,3_Yasli_Ingilizler,SATIS_2,1700,Kum,58,3yde,41,AyhanKURSUN,11142
Elazig,2_Yasli_Ingilizler,Maiden,1200,Kum,57,2yke,30,HalilPARILDAR,7712
Elazig,3_Yasli_Ingilizler,Handikap_15_H3,1200,Kum,54.5,3yae,41,MehmetTASKAYA,7536
Elazig,3_ve_Yukari_Ingilizler,SARTLI_4,1900,Kum,58,6yda,76,FeritYARDIMCI,12523
Elazig,2_Yasli_Ingilizler,Maiden,1200,Kum,55,2ydd,28,IsaAKYAVUZ,8005
Elazig,4_ve_Yukari_Araplar,Handikap_16_H3,1900,Kum,60,9yka,58,RemziDOGAN,14096
Elazig,3_Yasli_Araplar,SARTLI_3,1500,Kum,57,3yke,37,HasanALTUNDAG,11102
Elazig,4_Yasli_Araplar,SARTLI_5,1600,Kum,55,4yaa,46,IsaAKYAVUZ,11604
Istanbul,4_Yasli_Araplar,Handikap_15_H1,1900,Cim,57.5,4yka,47,MehmetKAYA,12931
Istanbul,3_Yasli_Ingilizler,SARTLI_5_Disi,1600,Cim,54,3yad,41,AhmetCELIK,9597
Istanbul,2_Yasli_Ingilizler,SARTLI_3_Disi,1300,Cim,59,2ydd,39,AhmetCELIK,7909
Istanbul,3_ve_Yukari_Ingilizler,Handikap_17_H1,2200,Cim,56,4yaa,74,HalisKARATAS,13741
Istanbul,3_Yasli_Ingilizler,Maiden,1400,Cim,58,3yde,36,HalisKARATAS,8469
Istanbul,3_ve_Yukari_Ingilizler,KV_8,2000,Sentetik,59,4yda,100,HismanCIZIK,12778
Istanbul,3_Yasli_Ingilizler,Handikap_15_H1,1400,Cim,52,3ydd,39,GokhanBEKTAS,8407
Istanbul,4_ve_Yukari_Araplar,SARTLI_4,2100,Sentetik,56,6yka,70,MehmetKAYA,14768
Istanbul,3_Yasli_Ingilizler,Maiden,1400,Cim,56,3ykd,38,GokhanKOCAKAYA,8369
Ankara,4_Yasli_Araplar,SATIS_2,1400,Kum,56,4yak,36,MahsunTURAN,9874
Ankara,2_Yasli_Ingilizler,SARTLI_3,1400,Kum,52,2ydd,38,EmreAKKILIC,9178
Ankara,3_Yasli_Ingilizler,SARTLI_5,2400,Cim,56,3yde,71,MuslumCELIK,15633
Ankara,4_ve_Yukari_Araplar,Handikap_15_H1,1500,Kum,57,5yda,53,AkinSOZEN,10623
Ankara,3_Yasli_Araplar,Maiden,1200,Kum,53,3yae,33,NizamettinDEMIR,8514
Ankara,3_ve_Yukari_Ingilizler,SARTLI_4,1400,Kum,63,5yda,91,AhmetCELIK,8743
Ankara,3_Yasli_Ingilizler,Handikap_15_Disi_H1,2200,Cim,58,3ydd,52,MertGokalpARSLAN,13772
Ankara,4_ve_Yukari_Araplar,SARTLI_2,1300,Cim,56,5yka,47,MehmetSalihCELIK,8633
Kocaeli,3_Yasli_Araplar,SATIS_2,1200,Kum,55,3ykd,36,AhmetARSLAN,8722
Kocaeli,3_ve_Yukari_Ingilizler,SARTLI_5_Disi,1400,Kum,60,5yak,93,OzcanYILDIRIM,8885
Kocaeli,3_Yasli_Ingilizler,SARTLI_4,1800,Kum,58,3yke,45,FurkanYUKSEL,12145
Kocaeli,4_ve_Yukari_Araplar,KV_7_Disi,1900,Kum,61,4ykk,87,NurettinSEN,13882
Kocaeli,4_ve_Yukari_Araplar,Handikap_15_H2,1200,Kum,51.5,7yaa,37,GorkemOZCELIK,8351
Bursa,3_Yasli_Ingilizler,SARTLI_5,1900,Kum,58,3yae,54,MertcanCELIK,12512
Bursa,3_Yasli_Ingilizler,Maiden,2000,Cim,58,3yde,13,SercanTIRPAN,12744
Bursa,2_Yasli_Ingilizler,SARTLI_4_Disi,1200,Cim,53,2ydd,40,FurkanHIM,7221
Bursa,3_Yasli_Ingilizler,Handikap_15_H2,1400,Cim,57,3yde,45,MustafaCICEK,8488
Bursa,4_ve_Yukari_Araplar,Handikap_17_H2,1700,Cim,57,5yka,64,NurettinSEN,11477
Bursa,3_ve_Yukari_Ingilizler,SARTLI_3,1400,Cim,57,5yda,47,OnurOZTURK,8462
Bursa,3_ve_Yukari_Ingilizler,KV_6_Disi,1500,Cim,56,5ydk,48,HalilKAPLAN,9067
Bursa,4_ve_Yukari_Araplar,SARTLI_5,1200,Kum,59,5ykk,89,NurettinSEN,8082
Bursa,3_Yasli_Ingilizler,Maiden,2000,Cim,55,3yde,26,MertGokalpARSLAN,12698
Elazig,2_Yasli_Ingilizler,SARTLI_4,1200,Kum,57,2yde,31,FeritYARDIMCI,7848
Elazig,3_Yasli_Araplar,Maiden,1500,Kum,53,3yke,25,BurhanSARIDAL,11407
Elazig,3_ve_Yukari_Ingilizler,Handikap_14_Disi_H3,1200,Kum,55.5,5ydk,29,MuhammedBaranCAKMAK,7609
Elazig,3_Yasli_Ingilizler,SARTLI_3,2000,Kum,56,3ydd,34,IsmailKATI,13739
Elazig,4_ve_Yukari_Araplar,SARTLI_3_Disi,2000,Kum,62,5yak,38,SadikALTAY,15014
Elazig,4_ve_Yukari_Araplar,Handikap_14_H3,1200,Kum,52.5,5yaa,24,AliSENBAHAR,8411
Istanbul,2_Yasli_Ingilizler,Maiden,1500,Sentetik,54,2yae,36,VedatABIS,9468
Istanbul,2_Yasli_Ingilizler,SARTLI_4,1200,Cim,55,2yad,42,HalisKARATAS,7295
Istanbul,3_ve_Yukari_Ingilizler,Handikap_17_Disi_H1,1500,Sentetik,50,4ydk,57,VedatABIS,9166
Istanbul,3_Yasli_Araplar,Handikap_14_H2,1400,Cim,56.5,3yae,45,HismanCIZIK,9384
Istanbul,4_Yasli_Araplar,KV_7,2100,Cim,58,4yka,70,AyhanKURSUN,14234
Istanbul,3_ve_Yukari_Ingilizler,SARTLI_4,1900,Cim,55,5yda,82,ErcanCANKAYA,11563
Istanbul,3_Yasli_Ingilizler,G_3,2200,Cim,58,3yae,85,HalisKARATAS,13639
Istanbul,4_ve_Yukari_Araplar,Handikap_15_Disi_H1,1900,Cim,51.5,5ykk,33,MetinHAMEDI,12949
Izmir,2_Yasli_Ingilizler,Maiden,1400,Kum,57,2yde,35,MertcanCELIK,8956
Izmir,2_Yasli_Ingilizler,SARTLI_2,1300,Cim,52,2ydd,19,NevzatAVCI,8031
Izmir,4_Yasli_Araplar,SARTLI_4_Disi,1800,Cim,54,4yak,38,AlicanINCI,12441
Izmir,4_ve_Yukari_Araplar,SARTLI_4,1400,Kum,57.5,5yka,77,MertcanCELIK,9633
Izmir,4_ve_Yukari_Araplar,Handikap_15_H2,2000,Cim,50,4yaa,37,HalilKAPLAN,13564
Izmir,2_Yasli_Ingilizler,Maiden,1400,Kum,57,2yde,38,MertcanCELIK,8932
Izmir,3_Yasli_Ingilizler,SARTLI_5_Disi,1900,Cim,54,3ydd,35,NevzatAVCI,11813
Izmir,3_ve_Yukari_Ingilizler,Handikap_14_H2,1600,Kum,50,4yda,10,MuhammedBurhanONCEL,10214
Ankara,4_Yasli_Araplar,SARTLI_5,1300,Kum,61,4yaa,75,MehmetSalihCELIK,9032
Ankara,3_ve_Yukari_Ingilizler,Handikap_16_H1,2200,Kum,50.5,3yde,54,AliKACMAZ,14484
Ankara,4_ve_Yukari_Araplar,KV_8,2100,Kum,60,7yaa,108,MehmetAKYAVUZ,15091
Ankara,4_ve_Yukari_Araplar,Handikap_17_H1,1900,Cim,61,5yka,75,GokhanKOCAKAYA,13079
Ankara,3_Yasli_Ingilizler,Handikap_15_H1,1900,Cim,59,3yag,49,ErcanCANKAYA,11916
Ankara,3_Yasli_Ingilizler,SARTLI_3,1500,Kum,55,3ydg,43,HismanCIZIK,9479
Izmir,3_ve_Yukari_Ingilizler,SARTLI_4_Disi,1900,Cim,58,4ydk,56,KaancanGOKCE,12054
Izmir,2_Yasli_Ingilizler,KV_6,1400,Kum,53,2yae,35,MertcanCELIK,8913
Izmir,4_ve_Yukari_Araplar,Handikap_14_H2,1300,Cim,51.5,4yak,32,MertUYAR,8692
Izmir,3_Yasli_Ingilizler,SARTLI_4,1300,Cim,56,3yae,52,MustafaCICEK,7843
Izmir,3_Yasli_Ingilizler,Handikap_15_H2,1800,Cim,61.5,3yde,56,SerdarYILDIRIM,11399
Izmir,4_Yasli_Araplar,Handikap_16_H2,2000,Cim,61.5,4yka,66,MertcanCELIK,13741
Bursa,4_ve_Yukari_Araplar,SARTLI_5_Disi,1900,Kum,57,5ykk,49,TolgaYILDIZ,13664
Bursa,4_ve_Yukari_Araplar,Handikap_14_H2,2200,Cim,60,4yaa,45,KaancanGOKCE,15281
Bursa,3_ve_Yukari_Ingilizler,Handikap_21_H2,1500,Cim,57.5,5yda,77,KadirTOKACOGLU,9026
Bursa,3_ve_Yukari_Ingilizler,SARTLI_3,1400,Kum,57,4yda,62,NevzatAVCI,8743
Bursa,3_Yasli_Ingilizler,Handikap_16_H2,2000,Kum,53,3yde,44,OnurYILDIZ,12973
Bursa,3_Yasli_Ingilizler,KV_7,1300,Kum,58,3yke,75,MustafaCICEK,7988
Bursa,4_Yasli_Araplar,Handikap_14_H2,1200,Kum,56.5,4yda,35,NevzatAVCI,8246
Istanbul,3_Yasli_Araplar,Maiden,1400,Cim,57,3yke,34,OzcanYILDIRIM,9603
Istanbul,4_Yasli_Araplar,Handikap_14_Disi_H1,2100,Cim,53.5,4ydk,39,MertcanCELIK,14605
Istanbul,3_Yasli_Ingilizler,SARTLI_5,2100,Sentetik,58,3yde,43,HismanCIZIK,13459
Istanbul,2_Yasli_Ingilizler,KV_7,1400,Sentetik,53,2yae,33,MuslumBAYDAN,8822
Istanbul,4_ve_Yukari_Araplar,Handikap_22_H1,2000,Sentetik,62,8yka,95,GokhanKOCAKAYA,13940
Istanbul,3_Yasli_Araplar,Maiden,1400,Cim,52,3yad,33,VedatABIS,9499
Istanbul,4_ve_Yukari_Araplar,SARTLI_5,1400,Cim,60.5,8yak,100,MehmetAKYAVUZ,9213
Istanbul,3_Yasli_Araplar,KV_7_Disi,1400,Sentetik,57,3ydd,68,GokhanKOCAKAYA,9564
Istanbul,3_ve_Yukari_Ingilizler,Handikap_16_H1,1600,Cim,52.5,3yde,55,GokhanKOCAKAYA,9779
Ankara,4_Yasli_Araplar,Handikap_16_Disi_H1,1900,Cim,58.5,4yak,67,KadirDEMIREL,12958
Ankara,3_Yasli_Araplar,SATIS_2,1200,Kum,55,3ykd,27,VedatABIS,8684
Ankara,3_Yasli_Araplar,Handikap_13_H2,1400,Cim,53.5,3yke,30,MehmetSalihCELIK,9397
Ankara,4_ve_Yukari_Araplar,SARTLI_3,2200,Cim,56.5,4yaa,40,MertGokalpARSLAN,15128
Ankara,3_ve_Yukari_Ingilizler,Handikap_17_H1,1200,Kum,58.5,4yda,75,ErcanCANKAYA,7367
Ankara,3_Yasli_Ingilizler,A_3,1600,Cim,58,3yae,85,HalisKARATAS,9601
Ankara,3_Yasli_Ingilizler,Handikap_15_H1,1300,Cim,55,3yae,50,SerkanYILDIZ,7684
Kocaeli,3_Yasli_Ingilizler,Handikap_15_H2,1200,Kum,60.5,3yde,55,FurkanYUKSEL,7436
Kocaeli,3_ve_Yukari_Ingilizler,Handikap_16_H2,1800,Kum,58,7yaa,52,KadirTOKACOGLU,11791
Kocaeli,3_ve_Yukari_Ingilizler,KV_8,1400,Kum,58,4yda,89,MuratGUNDUZELI,8582
Kocaeli,2_Yasli_Ingilizler,KV_7,1400,Kum,54,2yae,44,MustafaCICEK,8963
Kocaeli,4_Yasli_Araplar,SARTLI_3,1800,Kum,58,4yka,39,FeritYARDIMCI,13142
Elazig,3_Yasli_Araplar,Maiden_Disi,1200,Kum,57,3yad,6,SamiKAPLAN,8898
Elazig,3_ve_Yukari_Ingilizler,SARTLI_2_Disi,1700,Kum,57,4ydk,40,SadikALTAY,11326
Elazig,3_ve_Yukari_Ingilizler,Handikap_15_H3,1600,Kum,58.5,7ydg,45,NecmiALTIN,10393
Elazig,3_Yasli_Ingilizler,Handikap_16_H3,1800,Kum,57.5,3yde,46,IsaAKYAVUZ,12130
Elazig,4_ve_Yukari_Araplar,KV_7,1800,Kum,58,4yaa,68,MehmetAliAKTURK,13276
Elazig,3_Yasli_Araplar,Maiden_Disi,1200,Kum,57,3yad,26,IsaAKYAVUZ,8641
Elazig,4_Yasli_Araplar,SARTLI_3,1900,Kum,55,4yaa,41,MehmetTASKAYA,14268
Istanbul,4_ve_Yukari_Araplar,SARTLI_4_Disi,1600,Cim,55,4yak,77,VedatABIS,10636
Istanbul,2_Yasli_Ingilizler,Maiden_Disi,1200,Sentetik,57,2ydd,36,GokhanKOCAKAYA,7501
Istanbul,4_Yasli_Araplar,KV_7,2200,Sentetik,58,4yaa,78,HalisKARATAS,16022
Istanbul,3_ve_Yukari_Ingilizler,Handikap_17_H1,2000,Sentetik,52.5,4yda,63,GokhanGOKCE,12878
Istanbul,4_ve_Yukari_Araplar,Handikap_17_H1,2200,Cim,54.5,5yaa,62,GokhanKOCAKAYA,15295
Istanbul,3_ve_Yukari_Ingilizler,SARTLI_4,1200,Sentetik,60,5yda,81,GokhanKOCAKAYA,7458
Istanbul,3_Yasli_Araplar,SARTLI_5,1200,Cim,57,3yke,47,OnurYILDIZ,7919
Istanbul,2_Yasli_Ingilizler,Maiden_Disi,1200,Sentetik,57,2ydd,31,MehmetKAYA,7684
Istanbul,3_Yasli_Ingilizler,KV_6_Disi,1500,Sentetik,56,3yad,68,GokhanKOCAKAYA,9357
Ankara,4_Yasli_Araplar,SARTLI_5,1900,Cim,55,4yda,83,VedatABIS,12904
Ankara,3_Yasli_Ingilizler,SARTLI_5,1600,Cim,56,3ydd,47,GokhanKOCAKAYA,9593
Ankara,4_Yasli_Araplar,Handikap_16_Disi_H1,1500,Kum,61.5,4yak,58,VedatKIZMAZ,10720
Ankara,2_Yasli_Ingilizler,SARTLI_4_Disi,1400,Cim,57,2ydd,50,VedatABIS,8585
Ankara,3_Yasli_Araplar,SARTLI_4,1400,Cim,54,3yae,47,VedatABIS,9289
Ankara,4_ve_Yukari_Araplar,SARTLI_4,1600,Kum,60,6yda,92,GokhanKOCAKAYA,11424
Ankara,3_Yasli_Ingilizler,Handikap_14_Disi_H1,1200,Cim,54,3ydd,38,GokhanKOCAKAYA,7077
Kocaeli,3_Yasli_Araplar,SARTLI_5,1400,Kum,57,3yke,59,YunusEmreYUKSEL,9920
Kocaeli,4_ve_Yukari_Araplar,Handikap_21_H2,2000,Kum,55.5,5ydk,63,NurettinSEN,14464
Kocaeli,3_Yasli_Ingilizler,KV_8,1800,Kum,59,3yde,90,AyhanKURSUN,11857
Kocaeli,3_Yasli_Ingilizler,SARTLI_5,1400,Kum,60,3yae,69,AyhanKURSUN,8729
Kocaeli,3_ve_Yukari_Ingilizler,Handikap_14_Disi_H2,1800,Kum,58,4ydk,38,SelimIPEK,11817
Bursa,3_Yasli_Ingilizler,Handikap_16_H2,2000,Cim,56.5,3yde,60,MustafaCICEK,12290
Bursa,3_Yasli_Ingilizler,SARTLI_4,1300,Cim,57,3yde,50,GorkemOZCELIK,7957
Bursa,4_ve_Yukari_Araplar,SARTLI_4,2000,Kum,60,5yda,58,HalilYOLACICI,14504
Bursa,2_Yasli_Ingilizler,A_3,1200,Cim,57,2yde,60,AyhanKURSUN,6997
Bursa,3_Yasli_Araplar,KV_7,1200,Cim,55,3ydd,63,MustafaCICEK,7815
Bursa,3_ve_Yukari_Ingilizler,SARTLI_3,2000,Cim,58,4ydk,52,NevzatAVCI,12268
Bursa,3_ve_Yukari_Ingilizler,Handikap_15_H2,1400,Kum,50,5yda,30,SelimIPEK,8808
Elazig,4_ve_Yukari_Araplar,Handikap_17_H3,1900,Kum,50,6yaa,32,CanerTEPE,13987
Elazig,3_ve_Yukari_Ingilizler,Handikap_14_H3,1900,Kum,54.5,4ydk,28,GalipKILIC,12701
Elazig,2_Yasli_Ingilizler,Maiden_Disi,1200,Kum,57,2ydd,29,MehmetTASKAYA,7984
Elazig,3_Yasli_Araplar,SARTLI_3_Disi,1500,Kum,59,3ykd,31,MehmetTASKAYA,11436
Elazig,3_ve_Yukari_Ingilizler,SARTLI_4,1600,Kum,57,4yda,57,AbdullahCANKAYA,10433
Elazig,4_ve_Yukari_Araplar,SARTLI_3,1600,Kum,57,8yka,28,HasanALTUNDAG,11774
Istanbul,4_ve_Yukari_Araplar,Handikap_16_H1,1400,Cim,62,4yka,69,SerkanYILDIZ,9197
Istanbul,3_Yasli_Ingilizler,SARTLI_5,1900,Cim,56,3ykd,57,GokhanKOCAKAYA,11606
Istanbul,3_Yasli_Araplar,G_1,1600,Cim,57,3yke,90,AhmetCELIK,10480
Istanbul,3_ve_Yukari_Ingilizler,SARTLI_5_Disi,1400,Cim,53,4ykk,55,VedatABIS,8274
Istanbul,3_Yasli_Ingilizler,Handikap_15_H1,1400,Sentetik,61,3yde,52,GokhanKOCAKAYA,8604
Izmir,3_Yasli_Araplar,SARTLI_4,1400,Kum,57,3yke,47,KadirTOKACOGLU,9836
Izmir,2_Yasli_Ingilizler,Maiden,1200,Cim,55,2yad,40,MertcanCELIK,7431
Izmir,3_ve_Yukari_Ingilizler,Handikap_15_H2,1800,Cim,62,4yda,57,MertcanCELIK,11234
Izmir,4_ve_Yukari_Araplar,Handikap_15_Disi_H2,2100,Kum,51,5yak,23,AlaattinKURUNDUK,15118
Izmir,4_Yasli_Araplar,KV_8,1900,Kum,58,4yaa,89,MustafaCICEK,13495
Izmir,4_ve_Yukari_Araplar,SARTLI_5,1900,Cim,56,7yaa,72,HalilGUN,12964
Izmir,3_ve_Yukari_Ingilizler,KV_6,1900,Kum,56,4yda,84,VelatDEMIR,12196
Izmir,3_Yasli_Ingilizler,SARTLI_4_Disi,2100,Kum,58,3ydd,50,NevzatAVCI,13828
Ankara,3_Yasli_Araplar,Maiden,1400,Cim,55,3ykd,35,MehmetAKYAVUZ,9511
Ankara,3_Yasli_Araplar,KV_6_Disi,1400,Cim,57,3yad,64,GokhanKOCAKAYA,9518
Ankara,3_ve_Yukari_Ingilizler,KV_8,2800,Cim,59,4yaa,102,AhmetCELIK,17660
Ankara,3_Yasli_Araplar,Maiden,1400,Cim,54,3yde,33,VedatABIS,9495
Ankara,3_ve_Yukari_Ingilizler,Handikap_16_H1,1400,Cim,50,3yde,57,EmreAKKILIC,8339
Ankara,4_Yasli_Araplar,A_3_Disi,2000,Kum,58,4yak,87,HismanCIZIK,14568
Ankara,2_Yasli_Ingilizler,KV_6,1400,Cim,54,2yde,53,AhmetCELIK,8487
Ankara,4_Yasli_Araplar,Handikap_14_H1,1900,Cim,52.5,4yaa,27,MehmetKESKIN,12975
Ankara,4_ve_Yukari_Araplar,Handikap_16_H1,2200,Kum,50,5yka,42,BurhanKILINC,16005
Izmir,2_Yasli_Ingilizler,SARTLI_5,1300,Cim,55,2ydd,41,ArifOkanPAZAR,7938
Izmir,3_ve_Yukari_Ingilizler,SARTLI_5,2000,Cim,56.5,5yda,61,YunusEmreYUKSEL,12413
Izmir,3_Yasli_Ingilizler,Handikap_14_H2,1200,Cim,61.5,3yae,47,MertcanCELIK,7260
Izmir,4_ve_Yukari_Araplar,SARTLI_4,2100,Kum,56,5yaa,99,MustafaCICEK,14928
Izmir,3_Yasli_Ingilizler,KV_6_Disi,1300,Cim,55,3ydd,36,BekirMertMIRIK,7782
Izmir,4_Yasli_Araplar,SARTLI_5,1200,Cim,52,4yka,39,MertcanAKIN,7848
Bursa,4_ve_Yukari_Araplar,Handikap_14_Disi_H2,1300,Cim,61.5,5ydk,47,NurettinSEN,8488
Bursa,3_Yasli_Ingilizler,Handikap_16_Disi_H2,2000,Cim,51,3ydd,47,GorkemOZCELIK,12768
Bursa,4_Yasli_Araplar,KV_7,2000,Cim,58,4yka,78,MustafaCICEK,13728
Bursa,3_ve_Yukari_Ingilizler,Handikap_15_H2,1400,Cim,53.5,4yda,39,TugayALICI,8293
Bursa,3_Yasli_Ingilizler,SARTLI_3,1400,Kum,58,3yde,78,TolgaYILDIZ,8863
Bursa,3_ve_Yukari_Ingilizler,KV_7,1800,Cim,58,4yda,86,AyhanKURSUN,10786
Bursa,4_ve_Yukari_Araplar,SATIS_1,1700,Cim,56,7yaa,60,MahmutTURAN,11332
Istanbul,3_Yasli_Ingilizler,SARTLI_5,1500,Sentetik,56,3yde,64,GokhanKOCAKAYA,9174
Istanbul,3_Yasli_Araplar,SARTLI_5_Disi,1400,Cim,57,3ykd,58,OnurOZTURK,9218
Istanbul,4_ve_Yukari_Araplar,SARTLI_3,1900,Cim,60,6yaa,90,AkinOZTURK,12808
Istanbul,4_Yasli_Araplar,Handikap_15_H1,1600,Cim,61.5,4yaa,60,OzcanYILDIRIM,10594
Istanbul,3_ve_Yukari_Ingilizler,Handikap_24_H1,1400,Cim,50,3yde,79,MucahitBAYIR,8279
Istanbul,4_ve_Yukari_Araplar,G_2,1900,Cim,59,5yaa,117,AkinCELIK,12801
Istanbul,4_ve_Yukari_Araplar,Handikap_16_H1,1400,Sentetik,58,5yaa,65,AhmetCELIK,9426
Ankara,3_ve_Yukari_Ingilizler,SARTLI_5,1900,Cim,56,4yaa,69,"M,uslumCELIK",11835
Ankara,3_Yasli_Ingilizler,KV_6,1300,Kum,58,3yae,86,AyhanKURSUN,7904
Ankara,3_ve_Yukari_Ingilizler,Handikap_15_H1,2400,Cim,50,9ydk,26,HarunKILICARSLAN,15657
Ankara,4_ve_Yukari_Araplar,SARTLI_4_Disi,2100,Kum,59,7yak,75,MuhammetOZDEMIR,15550
Ankara,4_Yasli_Araplar,SARTLI_2,1600,Cim,51,4yka,39,AzizAKDEMIR,10717
Ankara,2_Yasli_Ingilizler,Maiden,1200,Cim,55,2yad,37,MuslumCELIK,7198
Ankara,3_Yasli_Araplar,SARTLI_3,1400,Kum,54,3yad,41,MuhammetOZDEMIR,10130
Ankara,4_ve_Yukari_Araplar,Handikap_21_H1,1400,Cim,58,5ykk,85,FurkanCETIN,9206
Kocaeli,4_Yasli_Araplar,SARTLI_4_Disi,1800,Kum,58,4yak,58,KaancanGOKCE,13327
Kocaeli,3_Yasli_Araplar,SARTLI_2,1400,Kum,57,3yae,39,YunusEmreYUKSEL,9953
Kocaeli,4_Yasli_Araplar,Handikap_15_H2,2000,Kum,56,4yaa,42,GorkemOZCELIK,14769
Kocaeli,3_Yasli_Ingilizler,Maiden_Disi,1700,Kum,55,3ydd,26,AhmetSASMAZ,11465
Kocaeli,4_ve_Yukari_Araplar,SARTLI_4,1500,Kum,55.5,8yaa,90,MustafaCICEK,10443
Kocaeli,3_ve_Yukari_Ingilizler,KV_7,1900,Kum,58,4yda,87,MustafaCICEK,12330
Kocaeli,3_Yasli_Ingilizler,Handikap_16_H2,1900,Kum,60,3yde,64,MustafaCICEK,12577
Kocaeli,3_Yasli_Ingilizler,Maiden_Disi,1700,Kum,57,3ydd,37,GorkemOZCELIK,11428
Elazig,3_Yasli_Ingilizler,SARTLI_4_Disi,1600,Kum,61,3ydd,58,FeritYARDIMCI,10644
Elazig,4_Yasli_Araplar,SARTLI_5_Disi,2000,Kum,58,4ykk,46,HuseyinALTUNKILIC,15255
Elazig,3_Yasli_Araplar,SARTLI_4,1200,Kum,57,3yke,39,BurakBEKTAS,8562
Elazig,2_Yasli_Ingilizler,SARTLI_2_Disi,1200,Kum,60,2yad,36,MehmetAliAKTURK,7699
Elazig,4_ve_Yukari_Araplar,KV_7,1200,Kum,57,8yaa,73,MenderesAVSAR,8276
Elazig,3_ve_Yukari_Ingilizler,SARTLI_5,2000,Kum,58.5,8yaa,56,MenderesAVSAR,13274
Istanbul,4_Yasli_Araplar,SARTLI_4_Disi,2000,Sentetik,58,4yak,52,AkinSOZEN,14673
Istanbul,3_Yasli_Ingilizler,Handikap_15_H1,2400,Cim,61,3yde,45,OzcanYILDIRIM,15633
Istanbul,4_Yasli_Araplar,Handikap_14_H1,1400,Sentetik,56,4yak,40,GokhanKOCAKAYA,9782
Istanbul,3_ve_Yukari_Ingilizler,A_3,1200,Sentetik,60,4yda,101,HalisKARATAS,7253
Istanbul,4_ve_Yukari_Araplar,SARTLI_5,1300,Sentetik,57,7yaa,97,SadettinBOYRAZ,8814
Istanbul,3_ve_Yukari_Ingilizler,KV_8_Disi,2100,Cim,60,4ydk,91,AhmetCELIK,13064
Istanbul,3_ve_Yukari_Ingilizler,SARTLI_3,1400,Cim,60,8yda,95,AhmetCELIK,8346
Ankara,4_Yasli_Araplar,SARTLI_4_Disi,2200,Cim,59,4yak,61,KadirDEMIREL,15702
Ankara,3_Yasli_Ingilizler,SATIS_1,2000,Kum,56,3ydd,40,MehmetSalihCELIK,13478
Ankara,3_Yasli_Ingilizler,Handikap_16_H1,1400,Kum,59.5,3yde,56,MuslumCELIK,8888
Ankara,4_Yasli_Araplar,Handikap_16_H1,1600,Cim,60,4yaa,58,HalisKARATAS,10878
Ankara,3_ve_Yukari_Ingilizler,KV_6,1400,Cim,57,4yda,85,MuslumCELIK,8301
Ankara,3_ve_Yukari_Ingilizler,A_2_Disi,2400,Cim,58.5,7yak,106,GokhanKOCAKAYA,15195
Ankara,3_Yasli_Araplar,KV_8,1200,Kum,57,3yae,52,HarunKILICARSLAN,8438
Kocaeli,3_Yasli_Araplar,Maiden,1200,Kum,53,3yke,24,CemalPASO,8647
Kocaeli,4_ve_Yukari_Araplar,SARTLI_4,1900,Kum,57,7yaa,75,KaancanGOKCE,13832
Kocaeli,3_ve_Yukari_Ingilizler,SARTLI_3,2000,Kum,56,4yaa,56,OkanAKEL,13133
Kocaeli,3_ve_Yukari_Ingilizler,Handikap_15_H2,1200,Kum,55,3yde,49,FurkanYUKSEL,7517
Kocaeli,3_Yasli_Ingilizler,KV_7_Disi,1900,Kum,60,3ydd,64,AlicanINCI,12510
Kocaeli,3_Yasli_Araplar,Maiden,1200,Kum,58,3yad,38,HismanCIZIK,8535
Kocaeli,4_Yasli_Araplar,SATIS_1,1500,Kum,55,4yka,31,CemalPASO,10690
Bursa,2_Yasli_Ingilizler,SARTLI_3,1300,Cim,57,2yke,41,HalilALTIN,7864
Bursa,3_Yasli_Ingilizler,SARTLI_4_Disi,1400,Kum,60,3ydd,75,MustafaCICEK,8997
Bursa,3_ve_Yukari_Ingilizler,SARTLI_4,1800,Kum,52,4yaa,75,GorkemOZCELIK,11750
Bursa,3_Yasli_Araplar,SARTLI_4,1400,Kum,58,3yad,50,MertcanCELIK,9936
Bursa,3_Yasli_Araplar,A_3,1200,Kum,57,3yke,49,MahmutTURAN,8307
Bursa,4_Yasli_Araplar,KV_6,1400,Kum,56,4ykk,79,SadettinBOYRAZ,9717
Bursa,4_ve_Yukari_Araplar,Handikap_15_H2,1900,Kum,60,5yda,47,CetinTAS,13639
Elazig,3_Yasli_Araplar,Handikap_13_H3,1200,Kum,56.5,3yke,30,IsaKATAR,8661
Elazig,3_ve_Yukari_Ingilizler,Handikap_14_Disi_H3,1900,Kum,52,4ydk,21,GalipKILIC,12552
Elazig,3_Yasli_Ingilizler,Maiden,1600,Kum,56,3ydd,18,SamiKAPLAN,10687
Elazig,4_ve_Yukari_Araplar,Handikap_16_H3,1600,Kum,61,4yaa,63,MehmetAliAKTURK,11530
Elazig,3_Yasli_Ingilizler,SARTLI_3,1600,Kum,55,3yad,23,BurakBEKTAS,10692
Elazig,3_ve_Yukari_Ingilizler,A_3,1500,Kum,60,5yda,84,FeritYARDIMCI,9612
Elazig,3_Yasli_Ingilizler,Maiden,1600,Kum,58,3yke,33,IsaAKYAVUZ,10699
Istanbul,4_Yasli_Araplar,Handikap_16_H1,1900,Cim,58.5,4yka,62,AkinSOZEN,12807
Istanbul,3_ve_Yukari_Ingilizler,Handikap_21_H1,1500,Sentetik,61,5yda,82,OzcanYILDIRIM,9113
Istanbul,2_Yasli_Ingilizler,SARTLI_3,1300,Cim,54,2ydd,32,GokhanKOCAKAYA,7985
Istanbul,3_Yasli_Araplar,Maiden,1400,Sentetik,57,3yke,34,AhmetCELIK,9702
Istanbul,3_ve_Yukari_Ingilizler,SARTLI_3,1900,Cim,57,5yda,60,AkinSOZEN,11738
Istanbul,4_Yasli_Araplar,G_1,2400,Cim,56,4ykk,110,GokhanKOCAKAYA,16729
Istanbul,3_Yasli_Ingilizler,SARTLI_4,1400,Cim,58,3yde,74,AhmetCELIK,8410
Istanbul,3_ve_Yukari_Ingilizler,G_1,2000,Cim,58.5,5yaa,111,HismanCIZIK,12237
Izmir,4_Yasli_Araplar,SARTLI_3_Disi,1600,Kum,58,4ydk,36,MertcanCELIK,11345
Izmir,3_Yasli_Araplar,Maiden,1300,Cim,55,3ykd,27,MustafaCICEK,8720
Izmir,2_Yasli_Ingilizler,SARTLI_3,1200,Cim,57,2yae,44,MustafaCICEK,7144
Izmir,3_Yasli_Ingilizler,SARTLI_5,1600,Kum,52,3ydd,73,NevzatAVCI,10016
Izmir,3_ve_Yukari_Ingilizler,Handikap_15_H2,1900,Kum,50.5,4yak,35,FeyzullahAVCI,12216
Izmir,3_Yasli_Araplar,Maiden,1300,Cim,57,3yae,30,MustafaCICEK,8608
Izmir,3_Yasli_Araplar,KV_6,1300,Cim,54,3yke,40,MertcanCELIK,8494
Izmir,3_ve_Yukari_Ingilizler,KV_6_Disi,1400,Kum,60,7ydk,97,MertcanCELIK,8618
Izmir,4_ve_Yukari_Araplar,Handikap_17_H2,1400,Kum,50,5yka,42,AlaattinKURUNDUK,9527
Ankara,3_Yasli_Ingilizler,Maiden,1900,Cim,58,3yde,21,BurhanKILINC,11796
Ankara,3_ve_Yukari_Ingilizler,SARTLI_4_Disi,1500,Kum,56,4ydk,68,AzizAKDEMIR,9491
Ankara,2_Yasli_Ingilizler,KV_6,1300,Kum,53,2yde,51,MuslumCELIK,8138
Ankara,3_Yasli_Ingilizler,SATIS_2,1400,Cim,52,3ydd,28,MucahitBAYIR,8453
Ankara,4_ve_Yukari_Araplar,SARTLI_5,2000,Kum,60,5yka,86,AkinSOZEN,14508
Ankara,4_Yasli_Araplar,Handikap_15_Disi_H1,1400,Cim,51.5,4ykk,37,MuslumCELIK,9312
Ankara,3_Yasli_Ingilizler,KV_6,1900,Cim,56,3yde,64,GokhanKOCAKAYA,11630
Ankara,3_ve_Yukari_Ingilizler,SARTLI_5,2200,Kum,60.5,5yda,83,AkinCELIK,14536
Ankara,3_Yasli_Ingilizler,Maiden,1900,Cim,56,3ydd,31,MehmetAKYAVUZ,11862
Izmir,4_ve_Yukari_Araplar,SARTLI_4_Disi,1700,Cim,57,6yak,62,AlicanINCI,11579
Izmir,2_Yasli_Ingilizler,SARTLI_4_Disi,1200,Cim,55,2ydd,40,GokhanGOKCE,7072
Izmir,3_Yasli_Ingilizler,KV_7,2000,Cim,58,3yde,58,MertcanCELIK,12301
Izmir,3_ve_Yukari_Ingilizler,Handikap_15_H2,1300,Cim,58.5,5yda,48,BarisKURDU,7675
Izmir,3_ve_Yukari_Ingilizler,SARTLI_4,1200,Kum,60,6yag,88,MustafaCICEK,7385
Izmir,3_Yasli_Ingilizler,Handikap_16_H2,1900,Kum,55,3yae,55,MustafaCICEK,12287
Izmir,4_ve_Yukari_Araplar,Handikap_17_H2,1200,Cim,54,4yka,67,HalilKAPLAN,7732
Bursa,3_Yasli_Araplar,Maiden,1400,Kum,54,3yad,37,CemalPASO,10069
Bursa,4_ve_Yukari_Araplar,SARTLI_4,1800,Cim,60,6yaa,77,MustafaCICEK,12021
Bursa,2_Yasli_Ingilizler,SARTLI_5,1300,Kum,59,2yde,54,GokhanGOKCE,8288
Bursa,3_Yasli_Araplar,Maiden,1400,Kum,57,3yke,30,OnurYILDIZ,10078
Bursa,3_ve_Yukari_Ingilizler,Handikap_14_H2,2000,Kum,60,5yaa,40,SelimIPEK,13130
Bursa,3_Yasli_Ingilizler,Handikap_16_H2,1400,Kum,50,3yde,47,NevzatAVCI,8713
Bursa,3_ve_Yukari_Ingilizler,KV_6,1200,Kum,60,5yda,86,MustafaCICEK,7375
Bursa,3_Yasli_Ingilizler,SARTLI_4,1800,Cim,51,3ydd,38,VedatABIS,11087
Bursa,4_Yasli_Araplar,Handikap_16_H2,1400,Cim,57,4yka,59,VedatABIS,9142
Istanbul,3_Yasli_Araplar,SARTLI_5,1400,Sentetik,54,3yae,43,AhmetCELIK,9736
Istanbul,4_Yasli_Araplar,SARTLI_3,1400,Cim,55,4yaa,71,GokhanKOCAKAYA,9324
Istanbul,2_Yasli_Ingilizler,SARTLI_3,1300,Sentetik,56,2ydd,32,AhmetCELIK,8164
Istanbul,4_ve_Yukari_Araplar,KV_7,1400,Cim,57.5,5yaa,99,MuslumCELIK,9126
Istanbul,3_Yasli_Ingilizler,Maiden,1900,Cim,58,3yde,31,MertcanCELIK,11788
Istanbul,4_ve_Yukari_Araplar,Handikap_16_H1,2000,Sentetik,57.5,5yaa,58,AhmetCELIK,13941
Istanbul,3_ve_Yukari_Ingilizler,KV_8,2400,Cim,58,4yaa,102,AhmetCELIK,15149
Istanbul,3_Yasli_Ingilizler,Handikap_15_H1,2000,Sentetik,55,3ydd,54,ErcanCANKAYA,12714
Ankara,2_Yasli_Ingilizler,SARTLI_3_Disi,1300,Kum,54,2ydd,38,MertGokalpARSLAN,8639
Ankara,3_Yasli_Ingilizler,Handikap_16_H1,2200,Cim,58.5,3yke,47,ErcanCANKAYA,14024
Ankara,4_ve_Yukari_Araplar,Handikap_16_H1,2400,Cim,50,5yka,35,MehmetKESKIN,16909
Ankara,4_Yasli_Araplar,Handikap_14_H1,1500,Kum,52.5,4yka,37,MertAliSOLMAZ,10687
Ankara,3_ve_Yukari_Ingilizler,Handikap_16_H1,1500,Kum,58.5,4yda,71,SerkanYILDIZ,9565
Ankara,3_Yasli_Ingilizler,KV_6,2000,Kum,58,3yde,73,GokhanKOCAKAYA,13182
Ankara,3_Yasli_Araplar,SARTLI_5_Disi,1300,Kum,60,3ydd,60,AhmetCELIK,9447
Kocaeli,3_Yasli_Araplar,KV_6,1200,Kum,57,3yde,49,TolgaYILDIZ,8445
Kocaeli,3_Yasli_Ingilizler,Handikap_14_H2,1400,Kum,56.5,3yde,39,GokhanGOKCE,8859
Kocaeli,4_Yasli_Araplar,Handikap_15_H2,1500,Kum,61.5,4yka,56,AhmetSASMAZ,10588
Kocaeli,3_ve_Yukari_Ingilizler,SARTLI_5,1400,Kum,58,8yda,100,GorkemOZCELIK,8666
Kocaeli,4_ve_Yukari_Araplar,Handikap_15_Disi_H2,1700,Kum,58,5ykk,44,HismanCIZIK,12318
Elazig,3_ve_Yukari_Ingilizler,Handikap_15_H3,1800,Kum,62,8yaa,50,MenderesAVSAR,11943
Elazig,4_ve_Yukari_Araplar,Handikap_14_Disi_H3,1200,Kum,57,4ykk,30,MenderesAVSAR,8384
Elazig,3_Yasli_Ingilizler,KV_7,2000,Kum,55,3yae,43,HalilPARILDAR,13671
Elazig,3_ve_Yukari_Ingilizler,SARTLI_5_Disi,1600,Kum,54,4ydk,51,CanerTEPE,10641
Elazig,4_ve_Yukari_Araplar,SARTLI_2,1700,Kum,60,5yaa,60,CanerTEPE,12371
Istanbul,3_Yasli_Araplar,SARTLI_2,1300,Cim,57,3yad,36,SadettinBOYRAZ,8754
Istanbul,3_Yasli_Ingilizler,Handikap_16_H1,1600,Cim,60.5,3yde,57,AkinSOZEN,9584
Istanbul,4_Yasli_Araplar,SARTLI_3_Disi,2100,Cim,55,4yak,42,GokhanKOCAKAYA,14824
Istanbul,4_ve_Yukari_Araplar,Handikap_17_H1,1900,Cim,57,4yaa,69,GokhanKOCAKAYA,12878
Istanbul,3_Yasli_Ingilizler,G_3,1400,Cim,56,3yad,92,AhmetCELIK,8334
Istanbul,3_ve_Yukari_Ingilizler,Handikap_21_H1,1900,Cim,55,4yaa,66,MuslumCELIK,11669
Istanbul,4_ve_Yukari_Araplar,SATIS_2,1600,Cim,58,6ydk,35,MehmetKAYA,10800
Ankara,4_Yasli_Araplar,Handikap_15_H1,2000,Kum,58.5,4yaa,60,FurkanCETIN,14814
Ankara,2_Yasli_Ingilizler,SARTLI_3,1300,Kum,55,2yke,43,GokhanKOCAKAYA,8468
Ankara,4_ve_Yukari_Araplar,SARTLI_4,1400,Cim,56.5,9yka,99,SadettinBOYRAZ,9231
Ankara,3_ve_Yukari_Ingilizler,SARTLI_5,1500,Kum,60,4yda,90,MuslumCELIK,9501
Ankara,4_Yasli_Araplar,KV_8,1500,Kum,59,4yaa,88,GokhanKOCAKAYA,10711
Ankara,3_ve_Yukari_Ingilizler,Handikap_14_Disi_H1,1900,Cim,55.5,4ydk,30,GokhanYILDIZ,11849
Bursa,3_Yasli_Araplar,SARTLI_5,1400,Cim,57,3ydd,58,HismanCIZIK,9166
Bursa,3_ve_Yukari_Ingilizler,SATIS_1,1200,Cim,57,4ydk,33,MertcanCELIK,7022
Bursa,3_ve_Yukari_Ingilizler,Handikap_14_H2,2000,Cim,57,3yde,48,KadirTOKACOGLU,12503
Bursa,3_Yasli_Ingilizler,A_3,2000,Cim,58,3yke,77,SadettinBOYRAZ,12299
Bursa,4_ve_Yukari_Araplar,KV_7,1200,Cim,55,7yaa,111,SadettinBOYRAZ,7648
Bursa,3_Yasli_Ingilizler,SARTLI_3,1400,Cim,55,3yde,44,GokhanKOCAKAYA,8346
Bursa,4_ve_Yukari_Araplar,Handikap_16_H2,1300,Kum,50,5yka,42,OnurYILDIZ,8802
Elazig,3_Yasli_Araplar,SARTLI_2_Disi,1200,Kum,60,3ykd,32,GalipKILIC,8776
Elazig,3_ve_Yukari_Ingilizler,Handikap_14_H3,1200,Kum,53.5,5ydk,25,CanerTEPE,7574
Elazig,3_Yasli_Araplar,Maiden,1200,Kum,57,3yke,24,MehmetAliAKTURK,8679
Elazig,4_ve_Yukari_Araplar,SARTLI_3,2000,Kum,60,5yaa,48,BurakBEKTAS,14923
Elazig,4_Yasli_Araplar,SARTLI_4,1200,Kum,55,4yka,45,NecmiALTIN,8479
Elazig,3_ve_Yukari_Ingilizler,SARTLI_2,1700,Kum,57,4yda,40,MehmetAliAKTURK,11268
Istanbul,4_Yasli_Araplar,SARTLI_4,1900,Cim,54,4yka,38,FurkanKARAKURT,12877
Istanbul,2_Yasli_Ingilizler,KV_8,1200,Cim,57,2yde,60,AyhanKURSUN,7190
Istanbul,3_ve_Yukari_Ingilizler,KV_7,2000,Sentetik,60.5,5yda,93,AhmetCELIK,12648
Istanbul,3_Yasli_Ingilizler,G_2,2100,Sentetik,58,3yde,93,AhmetCELIK,13298
Istanbul,4_ve_Yukari_Araplar,KV_6,2200,Sentetik,57,8yka,95,GokhanKOCAKAYA,15401
Istanbul,3_Yasli_Ingilizler,G_3_Disi,2100,Cim,58,3ydd,69,AhmetCELIK,12965
Istanbul,4_ve_Yukari_Araplar,Handikap_15_H1,1600,Cim,60.5,6yaa,58,AhmetSASMAZ,10670
Izmir,3_Yasli_Ingilizler,Maiden,1900,Cim,58,3yde,27,MertcanCELIK,11941
Izmir,4_Yasli_Araplar,SARTLI_4,1900,Cim,58,4yka,58,MertcanCELIK,12824
Izmir,3_Yasli_Ingilizler,Maiden,1900,Cim,56,3ydd,30,BekirMertMIRIK,11830
Izmir,4_ve_Yukari_Araplar,Handikap_16_H2,2000,Cim,57,5ydk,56,FurkanHIM,13592
Izmir,4_ve_Yukari_Araplar,KV_8,1700,Cim,58,4yaa,82,OnurYILDIZ,11345
Izmir,3_ve_Yukari_Ingilizler,SARTLI_5,1200,Cim,61,5yda,86,AlicanINCI,7052
Izmir,3_Yasli_Ingilizler,SARTLI_4,2200,Kum,58,3yae,46,MertcanCELIK,14508
Izmir,3_Yasli_Ingilizler,Maiden,1900,Cim,58,3yde,30,MertcanCELIK,11907
Ankara,3_Yasli_Ingilizler,Handikap_16_H1,1400,Cim,59.5,3yde,73,MertGokalpARSLAN,8275
Ankara,4_ve_Yukari_Araplar,KV_7,2200,Cim,57,5yda,91,HismanCIZIK,15060
Ankara,4_ve_Yukari_Araplar,Handikap_22_H1,1400,Kum,60,6yka,93,VedatABIS,9811
Ankara,3_Yasli_Ingilizler,SARTLI_4_Disi,2100,Kum,56,3ydd,59,AyhanKURSUN,14077
Ankara,2_Yasli_Ingilizler,G_2,1200,Cim,57,2yde,58,FeritYARDIMCI,7205
Ankara,4_Yasli_Araplar,KV_7,2100,Kum,58,4yda,67,MehmetKAYA,15436
Ankara,3_ve_Yukari_Ingilizler,Handikap_14_H1,1600,Cim,58.5,3yde,53,VedatABIS,9651
Izmir,3_Yasli_Ingilizler,Handikap_16_H2,1900,Cim,57,3yde,50,KadirTOKACOGLU,11695
Izmir,3_Yasli_Ingilizler,SARTLI_5,1300,Cim,59,3ydd,68,AhmetOLUK,7630
Izmir,4_Yasli_Araplar,Handikap_16_H2,1300,Cim,50,4yaa,34,BekirMertMIRIK,8466
Izmir,4_ve_Yukari_Araplar,SATIS_2,1600,Kum,58,8yaa,66,GokhanGOKCE,11251
Izmir,4_ve_Yukari_Araplar,SARTLI_3,1300,Cim,52,5yak,29,MuhammedMirBILGIN,8574
Izmir,3_ve_Yukari_Ingilizler,Handikap_16_Disi_H2,1300,Cim,55,3ykd,51,NevzatAVCI,7624
Izmir,4_Yasli_Araplar,SARTLI_4,2000,Kum,56,4yaa,36,MustafaCICEK,14298
Bursa,3_Yasli_Araplar,Maiden,1400,Cim,55,3yad,37,OnurYILDIZ,9434
Bursa,4_ve_Yukari_Araplar,Handikap_16_H2,2200,Cim,59.5,8yka,56,NurettinSEN,15176
Bursa,3_ve_Yukari_Ingilizler,SARTLI_4,1500,Cim,56,5yaa,74,MustafaCICEK,8934
Bursa,2_Yasli_Ingilizler,KV_7,1200,Cim,53,2yde,50,AyhanKURSUN,7094
Bursa,3_ve_Yukari_Ingilizler,Handikap_16_Disi_H2,2200,Cim,52,4ydk,46,NevzatAVCI,13654
Bursa,3_Yasli_Araplar,Maiden,1400,Cim,55,3yke,32,BurakAKCAY,9444
Bursa,3_Yasli_Ingilizler,Handikap_15_H2,1300,Cim,52,3yde,39,MahmutTURAN,7698
Bursa,3_ve_Yukari_Ingilizler,G_2,1400,Cim,58,6yaa,101,GokhanGOKCE,8140
Bursa,4_ve_Yukari_Araplar,KV_7,1400,Kum,57.5,6ydk,91,MazlumPirDEMIR,9526
Istanbul,3_Yasli_Ingilizler,SATIS_2,1400,Cim,54,3yde,38,AdemASLAN,8466
Istanbul,3_Yasli_Araplar,KV_6,1400,Cim,54,3yke,42,AkinSOZEN,9139
Istanbul,2_Yasli_Ingilizler,KV_7_Disi,1200,Cim,55,2ydd,74,MehmetKAYA,7204
Istanbul,3_Yasli_Ingilizler,A_3,1500,Sentetik,58,3yae,98,SadettinBOYRAZ,9102
Istanbul,4_Yasli_Araplar,Handikap_16_H1,2000,Sentetik,52.5,4yda,50,MertcanCELIK,14232
Istanbul,3_ve_Yukari_Ingilizler,KV_8,1200,Cim,59,5yda,99,HismanCIZIK,6975
Istanbul,4_ve_Yukari_Araplar,SARTLI_5,2100,Cim,57,5yaa,91,ErcanCANKAYA,14109
Ankara,2_Yasli_Ingilizler,KV_6_Disi,1200,Cim,54,2ydd,43,AhmetCELIK,7235
Ankara,4_Yasli_Araplar,SARTLI_4,2200,Cim,56,4yaa,38,HismanCIZIK,15496
Ankara,3_ve_Yukari_Ingilizler,Handikap_22_H1,1900,Cim,59.5,4ydk,85,VedatABIS,11632
Ankara,3_Yasli_Ingilizler,Handikap_14_H1,2100,Kum,50,3yde,12,SerkanYILDIZ,14251
Ankara,3_Yasli_Araplar,G_2,1400,Cim,57,3yke,68,HalisKARATAS,9386
Ankara,3_Yasli_Ingilizler,KV_6,1200,Cim,58,3yae,58,AkinSOZEN,6981
Ankara,4_ve_Yukari_Araplar,Handikap_17_H1,2000,Kum,58.5,6yka,68,MehmetKESKIN,14590
Kocaeli,4_Yasli_Araplar,SARTLI_5,1200,Kum,58,4yaa,68,MehmetSalihCELIK,8089
Kocaeli,3_Yasli_Araplar,SARTLI_3_Disi,1200,Kum,57,3ykd,45,AlicanINCI,8474
Kocaeli,3_Yasli_Ingilizler,SARTLI_4,1500,Kum,60,3yde,58,MustafaCICEK,9439
Kocaeli,2_Yasli_Ingilizler,Maiden_Disi,1400,Kum,57,2ydd,35,MehmetAliAKTURK,9070
Kocaeli,4_ve_Yukari_Araplar,KV_8,1400,Kum,59,6yaa,112,NevzatAVCI,9516
Kocaeli,3_ve_Yukari_Ingilizler,SARTLI_5,1800,Kum,57,4yda,89,YunusEmreYUKSEL,11712
Kocaeli,3_ve_Yukari_Ingilizler,Handikap_16_Disi_H2,1400,Kum,50.5,5yak,42,MehmetSalihCELIK,8783
Elazig,3_Yasli_Araplar,Maiden_Disi,1200,Kum,57,3ykd,14,FeritYARDIMCI,8862
Elazig,2_Yasli_Ingilizler,SARTLI_3,1200,Kum,55,2ydd,29,IsaAKYAVUZ,7805
Elazig,3_Yasli_Araplar,Maiden_Disi,1200,Kum,57,3ykd,14,MehmetAliAKTURK,8842
Elazig,3_Yasli_Ingilizler,Handikap_15_H3,1900,Kum,52.5,3yde,40,MuhammedBaranCAKMAK,13186
Elazig,4_ve_Yukari_Araplar,Handikap_14_H3,1600,Kum,57,5yka,31,MehmetSAKIR,11884
Elazig,4_ve_Yukari_Araplar,A_3,2000,Kum,60,6yaa,77,SamiKAPLAN,14925
Elazig,3_Yasli_Araplar,Maiden_Disi,1200,Kum,57,3yad,26,VelatDEMIR,8687
Elazig,3_ve_Yukari_Ingilizler,SARTLI_3,1200,Kum,57,4yda,49,IsaAKYAVUZ,7522
Istanbul,2_Yasli_Ingilizler,Maiden_Disi,1200,Cim,57,2yad,40,HalisKARATAS,7299
Istanbul,4_Yasli_Araplar,SATIS_3,1500,Sentetik,58,4yaa,43,FurkanYUKSEL,10421
Istanbul,3_Yasli_Araplar,SARTLI_5_Disi,1300,Sentetik,57,3ydd,52,AhmetCELIK,8939
Istanbul,3_Yasli_Ingilizler,SARTLI_5,2100,Cim,58,3yde,57,GokhanGOKCE,13150
Istanbul,4_ve_Yukari_Araplar,Handikap_22_H1,1400,Sentetik,55.5,6yaa,77,MahsunDEMIRBAS,9582
Istanbul,3_ve_Yukari_Ingilizler,G_2_Disi,2000,Sentetik,54,3ydd,88,HalisKARATAS,12720
Istanbul,3_ve_Yukari_Ingilizler,SARTLI_4,1600,Cim,60,5yda,83,CetinTAS,9630
Istanbul,3_ve_Yukari_Ingilizler,Handikap_15_H1,1300,Cim,55,3yde,51,MertcanCELIK,7715
Ankara,4_Yasli_Araplar,Handikap_15_H1,2200,Cim,59.5,4yka,59,VedatABIS,15237
Ankara,3_ve_Yukari_Ingilizler,KV_7_Disi,1400,Cim,56,4ydk,90,HalisKARATAS,8454
Ankara,4_ve_Yukari_Araplar,Handikap_15_H1,1400,Cim,54.5,5yka,44,ErkanTUNC,9311
Ankara,3_ve_Yukari_Ingilizler,Handikap_17_H1,2000,Kum,56.5,3yae,78,GokhanKOCAKAYA,13139
Ankara,3_Yasli_Araplar,SARTLI_4,1300,Kum,57,3yke,45,AhmetCELIK,9311
Ankara,3_ve_Yukari_Ingilizler,A_3,2100,Kum,60,4yda,99,OzcanYILDIRIM,13837
Ankara,4_ve_Yukari_Araplar,SARTLI_5,1500,Kum,55.5,6yda,89,GokhanKOCAKAYA,10691
Ankara,2_Yasli_Ingilizler,Maiden_Disi,1300,Cim,57,2ydd,33,HismanCIZIK,8009
Kocaeli,3_Yasli_Araplar,Maiden_Disi,1200,Kum,53,3ydd,18,GorkemOZCELIK,8567
Kocaeli,2_Yasli_Ingilizler,SARTLI_4,1200,Kum,57,2yke,52,BarisKURDU,7469
Kocaeli,3_ve_Yukari_Ingilizler,Handikap_17_H2,1900,Kum,55,4yda,64,GorkemOZCELIK,12380
Kocaeli,4_Yasli_Araplar,KV_7,1900,Kum,60,4yaa,86,MustafaCICEK,13681
Kocaeli,3_Yasli_Ingilizler,KV_6,2000,Kum,54,3yae,62,AyhanKURSUN,13072
Kocaeli,3_Yasli_Araplar,Maiden_Disi,1200,Kum,55,3ydd,13,MuhammedMirBILGIN,8668
Kocaeli,4_ve_Yukari_Araplar,Handikap_16_H2,1500,Kum,62,7yka,65,MuhammedMirBILGIN,10454
Bursa,3_ve_Yukari_Ingilizler,SARTLI_5,2100,Kum,60,4yda,70,IsmailKOYUNCU,13684
Bursa,2_Yasli_Ingilizler,Maiden,1300,Cim,55,2yde,25,FiratARSLAN,7901
Bursa,3_Yasli_Ingilizler,Handikap_15_H2,1800,Cim,50,3yde,36,MahmutTURAN,10939
Bursa,4_ve_Yukari_Araplar,Handikap_15_H2,1500,Cim,50,5yaa,27,HalilKAPLAN,9828
Bursa,4_Yasli_Araplar,A_3_Disi,1500,Cim,58,4ykk,105,AhmetCELIK,9873
Bursa,3_Yasli_Araplar,SARTLI_4_Disi,1300,Kum,57,3yad,44,MertcanCELIK,9124
Bursa,4_Yasli_Araplar,Handikap_16_H2,1800,Kum,52.5,4yka,51,OnurATMACA,12848
Bursa,3_ve_Yukari_Ingilizler,Handikap_14_H2,1300,Cim,56,4ydk,33,SelimIPEK,7621
Elazig,4_ve_Yukari_Araplar,SARTLI_4,1600,Kum,60,9yka,68,MenderesAVSAR,11863
Elazig,4_ve_Yukari_Araplar,Handikap_15_Disi_H3,2000,Kum,53,4ykk,38,HuseyinALTUNKILIC,15258
Elazig,4_Yasli_Araplar,Handikap_14_H3,1200,Kum,58.5,4yka,39,NecmiALTIN,8470
Elazig,3_Yasli_Ingilizler,Maiden_Disi,1700,Kum,58,3yad,21,IsaAKYAVUZ,11558
Elazig,3_ve_Yukari_Ingilizler,KV_6,1800,Kum,60,4yda,50,NecmiALTIN,11957
Elazig,3_Yasli_Araplar,SARTLI_4,1200,Kum,59,3yde,41,HuseyinALTUNKILIC,8622
Elazig,3_Yasli_Ingilizler,Maiden_Disi,1700,Kum,58,3ydd,27,IsmailKATI,11633
Istanbul,3_Yasli_Ingilizler,SARTLI_4,1200,Sentetik,56,3yde,73,VedatABIS,7235
Istanbul,3_ve_Yukari_Ingilizler,Handikap_16_Disi_H1,1600,Cim,56,4ydk,64,VedatABIS,9496
Istanbul,3_Yasli_Ingilizler,Handikap_14_H1,1500,Sentetik,61.5,3yde,53,SadettinBOYRAZ,9251
Istanbul,4_Yasli_Araplar,Handikap_15_Disi_H1,1600,Cim,52.5,4ykk,47,HismanCIZIK,10519
Istanbul,3_ve_Yukari_Ingilizler,G_1,1500,Sentetik,58,7yda,112,HalisKARATAS,9060
Istanbul,4_ve_Yukari_Araplar,Handikap_15_H1,1500,Sentetik,60.5,5yaa,60,AhmetCELIK,10290
Istanbul,3_Yasli_Araplar,G_3_Disi,1200,Cim,57,3ykd,67,GokhanKOCAKAYA,7891
Izmir,3_Yasli_Araplar,SARTLI_4,1300,Cim,57,3yae,46,UmutBARLIK,8420
Izmir,3_ve_Yukari_Ingilizler,Handikap_14_H2,1900,Cim,63,4yda,48,MertcanCELIK,11472
Izmir,3_Yasli_Ingilizler,Handikap_15_H2,1200,Kum,61.5,3yde,58,SerdarYILDIRIM,7374
Izmir,4_ve_Yukari_Araplar,SARTLI_5,1400,Kum,55.5,5yka,72,MertcanCELIK,9542
Izmir,3_ve_Yukari_Ingilizler,SARTLI_5,2100,Kum,56,4yda,55,KadirTOKACOGLU,13598
Izmir,4_ve_Yukari_Araplar,Handikap_16_H2,2000,Kum,50,5yka,35,AlaattinKURUNDUK,14217
Izmir,3_Yasli_Ingilizler,SARTLI_3_Disi,1400,Kum,55,3ydd,51,BarisKURDU,8865
Ankara,3_ve_Yukari_Ingilizler,Handikap_22_H1,1200,Cim,54,4ydk,78,HalisKARATAS,7062
Ankara,4_Yasli_Araplar,Handikap_16_H1,1200,Cim,58,4yka,57,SerkanYILDIZ,7726
Ankara,2_Yasli_Ingilizler,SARTLI_4,1300,Cim,57,2yde,53,FeritYARDIMCI,7824
Ankara,3_Yasli_Ingilizler,SARTLI_4_Disi,1900,Cim,58,3ykd,51,OzcanYILDIRIM,11709
Ankara,3_Yasli_Araplar,Maiden,1200,Cim,57,3yke,34,MehmetAKYAVUZ,8031
Ankara,3_ve_Yukari_Ingilizler,G_2,1900,Cim,58,4yda,100,AkinSOZEN,11534
Ankara,4_ve_Yukari_Araplar,G_1,2100,Kum,59,7yda,109,OzcanYILDIRIM,15215
Ankara,3_ve_Yukari_Ingilizler,SARTLI_4,2400,Cim,57,4yda,86,VedatABIS,15301
Izmir,4_ve_Yukari_Araplar,SARTLI_3,2400,Cim,57,5yka,22,MahmutSAV,16223
Izmir,3_Yasli_Ingilizler,Handikap_15_H2,1300,Cim,59.5,3yae,48,KadirTOKACOGLU,7612
Izmir,3_ve_Yukari_Ingilizler,Handikap_21_H2,1600,Kum,51,4yda,64,AlperenOLUK,9981
Izmir,3_ve_Yukari_Ingilizler,SARTLI_5,2400,Cim,56.5,5yda,74,MertcanCELIK,14589
Izmir,4_Yasli_Araplar,SARTLI_4,1300,Cim,59,4yka,42,MuhammedMirBILGIN,8414
Bursa,3_ve_Yukari_Ingilizler,SARTLI_4,2200,Cim,54,3yde,59,CemALTUN,14035
Bursa,3_Yasli_Ingilizler,Maiden_Disi,1700,Cim,58,3ydd,20,NevzatAVCI,10614
Bursa,4_ve_Yukari_Araplar,SARTLI_3_Disi,1400,Cim,55.5,5ydk,48,FurkanHIM,9303
Bursa,3_ve_Yukari_Ingilizler,Handikap_17_H2,1300,Kum,52.5,4yda,54,NevzatAVCI,8008
Bursa,4_ve_Yukari_Araplar,Handikap_14_H2,1900,Kum,58,7yda,41,YunusEmreYUKSEL,13585
Bursa,3_Yasli_Ingilizler,SARTLI_4,1900,Kum,56,3ydd,70,GokhanKOCAKAYA,12393
Bursa,4_ve_Yukari_Araplar,A_3,2200,Cim,60,5yaa,100,GokhanKOCAKAYA,14997
Bursa,3_Yasli_Ingilizler,Maiden_Disi,1700,Cim,54,3ydd,27,FurkanHIM,10562
Bursa,4_Yasli_Araplar,SATIS_2,1500,Cim,55,4yaa,52,MahmutTURAN,10047
Istanbul,2_Yasli_Ingilizler,SARTLI_5,1200,Sentetik,55,2yde,45,HalisKARATAS,7441
Istanbul,4_ve_Yukari_Araplar,Handikap_16_Disi_H1,2100,Cim,56,5ykk,49,MuhammedMirBILGIN,14431
Istanbul,3_Yasli_Ingilizler,Handikap_14_Disi_H1,2100,Sentetik,59.5,3ydd,48,ErcanCANKAYA,13754
Istanbul,3_ve_Yukari_Ingilizler,SARTLI_5,1500,Sentetik,61,6yda,96,MertGokalpARSLAN,9055
Istanbul,4_Yasli_Araplar,KV_7,1200,Cim,60,4yaa,90,MuslumCELIK,7745
Istanbul,3_ve_Yukari_Ingilizler,SATIS_4,1400,Cim,60,5yda,82,MertcanCELIK,8362
Istanbul,4_Yasli_Araplar,SARTLI_2,1600,Cim,55,4yka,44,HismanCIZIK,10643
Ankara,3_Yasli_Ingilizler,SARTLI_5,1200,Kum,56,3yae,81,OzcanYILDIRIM,7456
Ankara,3_Yasli_Araplar,SARTLI_4_Disi,1400,Cim,60,3yad,57,GokhanKOCAKAYA,9429
Ankara,4_ve_Yukari_Araplar,SATIS_2,1600,Cim,54,8yka,68,EmrahSINCAN,10734
Ankara,3_ve_Yukari_Ingilizler,SARTLI_4,1600,Cim,56,4yda,64,AhmetCELIK,9701
Ankara,4_Yasli_Araplar,KV_6_Disi,2000,Kum,56,4yak,85,HismanCIZIK,15013
Ankara,4_ve_Yukari_Araplar,Handikap_16_H1,1900,Cim,54.5,6yaa,52,MuslumCELIK,12918
Ankara,3_ve_Yukari_Ingilizler,Handikap_16_Disi_H1,2100,Kum,56,4ydk,64,AzizAKDEMIR,13929
Kocaeli,3_Yasli_Ingilizler,Maiden,1800,Kum,58,3yde,31,TolgaYILDIZ,11901
Kocaeli,3_Yasli_Araplar,SARTLI_3,1400,Kum,57,3yke,43,AlicanINCI,9936
Kocaeli,3_Yasli_Ingilizler,Maiden,1800,Kum,58,3yae,33,TolgaYILDIZ,11922
Kocaeli,4_ve_Yukari_Araplar,Handikap_16_H2,1900,Kum,50,6yda,48,CemalPASO,13548
Kocaeli,3_Yasli_Ingilizler,Handikap_16_H2,1500,Kum,55,3yae,54,MehmetSalihCELIK,9439
Kocaeli,3_ve_Yukari_Ingilizler,KV_7_Disi,1900,Kum,58,5ydk,94,TolgaYILDIZ,12389
Kocaeli,4_Yasli_Araplar,SARTLI_3_Disi,1400,Kum,55,4yak,55,BurakAKCAY,9847
Elazig,2_Yasli_Ingilizler,Maiden_Disi,1100,Kum,57,2ydd,27,BurakBEKTAS,7345
Elazig,4_ve_Yukari_Araplar,Handikap_14_H3,1800,Kum,61,7yaa,38,GalipKILIC,13533
Elazig,3_ve_Yukari_Ingilizler,Handikap_16_H3,1900,Kum,52,4yda,42,NecmiALTIN,12730
Elazig,4_Yasli_Araplar,SARTLI_3,1800,Kum,58,4yaa,39,MehmetPARLAK,13566
Elazig,3_Yasli_Ingilizler,SARTLI_4,1700,Kum,58,3yde,43,NecmiALTIN,11403
Elazig,4_ve_Yukari_Araplar,SARTLI_2_Disi,1200,Kum,59,5yak,33,HuseyinALTUNKILIC,8558
Istanbul,3_Yasli_Ingilizler,SARTLI_4,2200,Sentetik,58,3yde,55,GokhanKOCAKAYA,14167
Istanbul,4_Yasli_Araplar,Handikap_16_H1,1400,Cim,54.5,4yka,52,NizamettinDEMIR,9336
Istanbul,3_Yasli_Araplar,SARTLI_3,1400,Cim,57,3yde,43,GokhanKOCAKAYA,9533
Istanbul,3_ve_Yukari_Ingilizler,Handikap_16_H1,2000,Sentetik,57.5,6yaa,52,AkinSOZEN,12716
Istanbul,4_Yasli_Araplar,KV_8,1500,Sentetik,58,4yaa,76,GokhanKOCAKAYA,10309
Istanbul,4_ve_Yukari_Araplar,SARTLI_4,1600,Cim,56,6yaa,71,AkinSOZEN,10707
Istanbul,4_ve_Yukari_Araplar,Handikap_15_H1,1900,Cim,50,6yak,36,FiratARSLAN,13015
Ankara,3_ve_Yukari_Ingilizler,Handikap_15_H1,1400,Kum,53.5,3yde,51,AzizAKDEMIR,8981
Ankara,3_ve_Yukari_Ingilizler,SARTLI_5_Disi,2200,Cim,57,4ydk,81,VedatABIS,13715
Ankara,2_Yasli_Ingilizler,SARTLI_5,1200,Kum,60,2yde,61,GokhanKOCAKAYA,7538
Ankara,3_Yasli_Ingilizler,Handikap_14_H1,1900,Cim,58,3yae,38,UgurTEMUR,11860
Ankara,3_Yasli_Ingilizler,Maiden,1200,Cim,56,3ydd,31,GokhanKOCAKAYA,7213
Ankara,4_ve_Yukari_Araplar,Handikap_15_Disi_H1,1900,Cim,57,4ykk,45,MuslumBAYDAN,13046
Ankara,3_Yasli_Araplar,KV_6,1200,Kum,55,3yae,40,MehmetAKYAVUZ,8610
Ankara,4_Yasli_Araplar,Handikap_16_H1,2100,Kum,53,4yaa,51,MehmetSalihCELIK,15414
Kocaeli,3_Yasli_Araplar,Maiden,1400,Kum,57,3yke,27,HismanCIZIK,9928
Kocaeli,3_ve_Yukari_Ingilizler,SARTLI_4,1500,Kum,62,8yda,100,KadirTOKACOGLU,9353
Kocaeli,4_ve_Yukari_Araplar,SARTLI_5,2000,Kum,58,5yda,94,HalilYOLACICI,14310
Kocaeli,3_Yasli_Ingilizler,Handikap_14_Disi_H2,1800,Kum,58.5,3ydd,45,GorkemOZCELIK,11874
Kocaeli,3_Yasli_Araplar,Maiden,1400,Kum,57,3yae,26,KadirTOKACOGLU,9933
Kocaeli,3_ve_Yukari_Ingilizler,KV_8,2000,Kum,61,4yda,101,HismanCIZIK,12905
Kocaeli,4_Yasli_Araplar,Handikap_16_H2,1900,Kum,56.5,4yaa,58,IbrahimHalilKETME,13819
Kocaeli,4_ve_Yukari_Araplar,Handikap_14_Disi_H2,1400,Kum,53,4ykk,32,MuhammedMirBILGIN,9818
Bursa,3_Yasli_Ingilizler,SARTLI_4,1200,Kum,56,3yae,45,KadirTOKACOGLU,7404
Bursa,3_Yasli_Ingilizler,Handikap_15_H2,2100,Kum,51.5,3yde,37,YunusEmreYUKSEL,13885
Bursa,3_ve_Yukari_Ingilizler,Handikap_15_H2,1800,Kum,52.5,4yda,39,AlicanINCI,11505
Bursa,3_Yasli_Araplar,SARTLI_4,1300,Cim,57,3yae,40,HalilALTIN,8632
Bursa,3_ve_Yukari_Ingilizler,KV_8,2000,Cim,58.5,5yda,97,MehmetAKYAVUZ,12346
Bursa,4_ve_Yukari_Araplar,SARTLI_5,1800,Kum,56,5yaa,71,MahsunDEMIRBAS,12538
Bursa,4_ve_Yukari_Araplar,Handikap_14_Disi_H2,2000,Kum,54,5ykk,31,HalilKAPLAN,14260
Elazig,4_ve_Yukari_Araplar,SARTLI_4,1900,Kum,60,5yaa,63,BurakBEKTAS,14215
Elazig,4_Yasli_Araplar,Handikap_13_H3,1900,Kum,61,4ykg,31,IsmailKATI,14444
Elazig,4_ve_Yukari_Araplar,Handikap_15_H3,1600,Kum,61,7yaa,54,HasanALTUNDAG,11653
Elazig,3_ve_Yukari_Ingilizler,SARTLI_3,1900,Kum,57,8yda,65,RemziDOGAN,12812
Elazig,3_Yasli_Ingilizler,Handikap_14_H3,1200,Kum,56.5,3yae,34,HalilPARILDAR,7675
Istanbul,3_Yasli_Ingilizler,Handikap_16_H1,1900,Cim,51,3ydd,41,VedatABIS,11765
Istanbul,3_ve_Yukari_Ingilizler,SARTLI_4,2200,Cim,60.5,6yda,91,OzcanYILDIRIM,13539
Istanbul,2_Yasli_Ingilizler,SARTLI_3,1200,Cim,54,2yde,33,GokhanKOCAKAYA,7295
Istanbul,4_ve_Yukari_Araplar,Handikap_21_H1,1200,Cim,51.5,5yda,66,AzizAKDEMIR,7736
Istanbul,2_Yasli_Ingilizler,G_3,1200,Cim,55,2ydd,59,HalisKARATAS,7079
Istanbul,4_Yasli_Araplar,Handikap_14_H1,2100,Cim,56,4yka,39,MehmetKAYA,14334
Istanbul,3_ve_Yukari_Ingilizler,Handikap_15_H1,1300,Sentetik,50.5,4yda,36,MetinHAMEDI,7840
Izmir,3_Yasli_Araplar,Maiden,1300,Cim,53,3yad,18,MuhammedMirBILGIN,8708
Izmir,3_ve_Yukari_Ingilizler,SARTLI_5_Disi,1300,Cim,56,4ydk,77,MustafaCICEK,7637
Izmir,2_Yasli_Ingilizler,KV_6,1300,Cim,53,2ydd,51,GokhanGOKCE,7782
Izmir,4_ve_Yukari_Araplar,Handikap_21_H2,1900,Cim,56,4yka,69,KadirTOKACOGLU,12705
Izmir,3_Yasli_Araplar,Maiden,1300,Cim,57,3yde,30,KadirTOKACOGLU,8514
Izmir,4_ve_Yukari_Araplar,KV_6,2100,Kum,58,7yda,98,GokhanGOKCE,14974
Izmir,3_ve_Yukari_Ingilizler,Handikap_16_H2,1200,Cim,50,4yda,39,AliYILDIZ,7011
Izmir,3_Yasli_Ingilizler,SARTLI_4,1800,Cim,55,3yde,54,AlicanINCI,11054
Ankara,3_ve_Yukari_Ingilizler,SARTLI_4,1600,Kum,56,4ydk,98,GokhanKOCAKAYA,10172
Ankara,4_ve_Yukari_Araplar,Handikap_16_Disi_H1,1400,Cim,51.5,7ykk,55,VedatABIS,9370
Ankara,3_Yasli_Ingilizler,Handikap_14_H1,1300,Kum,55.5,3yde,47,ErcanCANKAYA,8237
Ankara,2_Yasli_Ingilizler,Maiden_Disi,1200,Kum,55,2ydd,30,HarunCANAKCI,7822
Ankara,4_ve_Yukari_Araplar,KV_7,1200,Cim,62,6yaa,103,MustafaCICEK,7830
Ankara,3_Yasli_Ingilizler,SARTLI_4,2200,Cim,56,3yde,59,GokhanKOCAKAYA,14035
Ankara,3_ve_Yukari_Ingilizler,Handikap_15_Disi_H1,1600,Cim,60,4ydk,56,IsmailDEMIR,9810
Izmir,4_Yasli_Araplar,Handikap_14_Disi_H2,1300,Cim,59.5,4yak,35,AlaattinKURUNDUK,8595
Izmir,3_ve_Yukari_Ingilizler,SARTLI_3,1300,Cim,60,7yda,97,NevzatAVCI,7574
Izmir,3_Yasli_Ingilizler,Handikap_14_Disi_H2,1900,Cim,50.5,3ydd,28,SelimIPEK,11685
Izmir,3_ve_Yukari_Ingilizler,KV_8,1700,Cim,58,5yda,79,MertcanCELIK,10216
Izmir,3_Yasli_Araplar,Maiden,1200,Kum,57,3yke,28,MertcanCELIK,8493
Izmir,4_Yasli_Araplar,KV_7,2000,Cim,61,4yaa,75,OnurYILDIZ,13518
Izmir,3_Yasli_Araplar,SARTLI_3,1400,Kum,56,3yke,41,YunusEmreYUKSEL,9864
Izmir,4_ve_Yukari_Araplar,Handikap_16_H2,1300,Cim,55,5yak,56,BekirMertMIRIK,8438
Bursa,3_Yasli_Ingilizler,SARTLI_3_Disi,1300,Cim,58,3ykd,43,NevzatAVCI,7814
Bursa,3_Yasli_Ingilizler,Handikap_16_H2,1400,Cim,54.5,3yae,52,FurkanYUKSEL,8363
Bursa,2_Yasli_Ingilizler,SARTLI_5,1200,Cim,59,2yde,51,FeritYARDIMCI,7319
Bursa,4_ve_Yukari_Araplar,Handikap_15_H2,2000,Cim,51.5,5ykk,38,ErenKADIRLER,13895
Bursa,3_ve_Yukari_Ingilizler,Handikap_16_H2,2200,Cim,53.5,5yaa,39,MahmutTURAN,13731
Bursa,4_ve_Yukari_Araplar,SARTLI_4,1500,Cim,55.5,8yka,82,FiratARSLAN,9856
Bursa,3_Yasli_Araplar,Maiden,1300,Cim,57,3yke,33,MahsunDEMIRBAS,8716
Bursa,3_ve_Yukari_Ingilizler,SARTLI_2,1800,Kum,57,5yaa,36,SelimIPEK,11668
Istanbul,3_Yasli_Ingilizler,SATIS_1,2000,Sentetik,58,3yag,43,HuseyinSIMSEK,13063
Istanbul,4_ve_Yukari_Araplar,SARTLI_4,2400,Cim,56,6yaa,90,AkinSOZEN,16810
Istanbul,4_Yasli_Araplar,Handikap_15_Disi_H1,2100,Sentetik,58.5,4yak,47,AkinSOZEN,15033
Istanbul,3_Yasli_Ingilizler,SARTLI_4,1600,Cim,54,3yde,53,MuslumCELIK,9686
Istanbul,3_Yasli_Araplar,KV_9,1200,Cim,57,3yke,79,MehmetAKYAVUZ,7811
Istanbul,3_ve_Yukari_Ingilizler,KV_7_Disi,2100,Cim,56,4ydk,74,AkinSOZEN,12919
Istanbul,3_ve_Yukari_Ingilizler,Handikap_15_H1,1900,Cim,53.5,3yde,46,GokhanKOCAKAYA,11811
Ankara,3_Yasli_Araplar,Maiden_Disi,1200,Kum,54,3ykd,34,MertGokalpARSLAN,8711
Ankara,4_Yasli_Araplar,SARTLI_5,1400,Cim,53,4ydk,66,VedatABIS,9219
Ankara,3_Yasli_Ingilizler,SARTLI_4,2200,Kum,58,3yde,68,HalisKARATAS,14490
Ankara,4_Yasli_Araplar,Handikap_16_H1,1400,Kum,59.5,4yda,65,MertGokalpARSLAN,9901
Ankara,3_Yasli_Araplar,Maiden_Disi,1200,Kum,57,3ydd,26,MehmetKESKIN,8670
Ankara,4_ve_Yukari_Araplar,SARTLI_5,1900,Cim,57,6yka,91,HalisKARATAS,12755
Ankara,3_Yasli_Ingilizler,Handikap_15_H1,1600,Cim,52.5,3yae,42,FatihRustemBEBEK,9613
Ankara,3_ve_Yukari_Ingilizler,Handikap_21_H1,1500,Kum,50,3yae,60,MucahitBAYIR,9406
Kocaeli,3_Yasli_Ingilizler,KV_6,1400,Kum,60,3yde,63,AyhanKURSUN,8586
Kocaeli,3_ve_Yukari_Ingilizler,Handikap_17_H2,1500,Kum,59.5,5yda,81,KaancanGOKCE,9330
Kocaeli,3_Yasli_Ingilizler,Handikap_15_H2,2000,Kum,55.5,3yke,38,FurkanYUKSEL,13297
Kocaeli,4_Yasli_Araplar,KV_8,1400,Kum,59,4yaa,90,HismanCIZIK,9615
Kocaeli,4_ve_Yukari_Araplar,SARTLI_5,1500,Kum,57.5,6ydk,90,MazlumPirDEMIR,10398
Kocaeli,3_ve_Yukari_Ingilizler,SARTLI_4,1900,Kum,56,4yda,46,AyhanKURSUN,12295
Elazig,4_Yasli_Araplar,Handikap_16_H3,1700,Kum,54.5,4yaa,49,HuseyinALTUNKILIC,12467
Elazig,3_Yasli_Araplar,SARTLI_3_Disi,1200,Kum,57,3ykd,27,GalipKILIC,8812
Elazig,3_Yasli_Ingilizler,SARTLI_3_Disi,1900,Kum,55,3ydd,27,MenderesAVSAR,13212
Elazig,4_ve_Yukari_Araplar,KV_7,1500,Kum,59.5,9yka,89,MenderesAVSAR,10897
Elazig,2_Yasli_Ingilizler,Maiden,1200,Kum,55,2ydd,31,IsaAKYAVUZ,8056
Elazig,4_ve_Yukari_Araplar,Handikap_16_H3,2000,Kum,62.5,7yka,62,FeritYARDIMCI,14997
Elazig,3_ve_Yukari_Ingilizler,Handikap_16_H3,1200,Kum,63,6ydk,65,RemziDOGAN,7616
Istanbul,4_Yasli_Araplar,SARTLI_3,1500,Sentetik,55,4yaa,38,FurkanYUKSEL,10462
Istanbul,3_ve_Yukari_Ingilizler,Handikap_17_H1,1600,Cim,61,5yda,79,CetinTAS,9759
Istanbul,3_ve_Yukari_Ingilizler,KV_8,1900,Cim,59,6yaa,100,OzcanYILDIRIM,11596
Istanbul,4_ve_Yukari_Araplar,Handikap_24_H1,2100,Cim,50,5yka,68,MetinHAMEDI,14368
Istanbul,3_Yasli_Ingilizler,SARTLI_3,2100,Cim,55,3yde,42,IlkerSOYAD,13142
Istanbul,4_ve_Yukari_Araplar,KV_6,1400,Sentetik,57.5,6yka,91,AyhanKURSUN,9579
Istanbul,3_Yasli_Ingilizler,Handikap_14_H1,1300,Cim,61,3ydd,54,GokhanKOCAKAYA,7726
Adana,4_ve_Yukari_Ingilizler,SARTLI_5,2100,Cim,58,4yda,86,MuhammedBaranCAKMAK,13072
Adana,3_Yasli_Ingilizler,SARTLI_4,2000,Cim,56,3yde,38,MehmetSalihCELIK,12636
Adana,4_ve_Yukari_Ingilizler,Handikap_17_H2,1200,Cim,54.5,4yda,55,MertAliSOLMAZ,7174
Adana,3_Yasli_Araplar,SARTLI_4,1200,Kum,55,3ykd,41,EmrahSINCAN,8426
Adana,4_ve_Yukari_Araplar,SARTLI_4,1300,Cim,56,7yka,77,MuslumBAYDAN,8501
Adana,4_ve_Yukari_Araplar,Handikap_14_H2,1400,Kum,57,4yka,40,UgurTEMUR,9873
Ankara,4_ve_Yukari_Araplar,SARTLI_4,2100,Kum,58,6yaa,59,MehmetEminDOGAN,15394
Ankara,4_Yasli_Araplar,KV_7,1900,Cim,58,4yaa,81,MuslumCELIK,13128
Ankara,3_ve_Yukari_Ingilizler,Handikap_17_H1,1900,Cim,55,4yda,69,GokhanKOCAKAYA,11771
Ankara,4_ve_Yukari_Araplar,Handikap_16_H1,1300,Cim,53,5yda,56,AzizAKDEMIR,8519
Ankara,3_ve_Yukari_Ingilizler,SARTLI_4,2000,Kum,60.5,5yda,79,AhmetCELIK,13022
Ankara,4_Yasli_Araplar,Handikap_15_Disi_H1,2200,Cim,58,4yak,55,KadirDEMIREL,15215
Ankara,3_Yasli_Ingilizler,SARTLI_3_Disi,1300,Kum,56,3ydd,68,MehmetKAYA,8185
Bursa,3_Yasli_Ingilizler,SARTLI_4,1500,Cim,58,3yae,60,SinanOZEN,9163
Bursa,3_Yasli_Araplar,SARTLI_4,1300,Kum,57,3yke,48,YunusEmreYUKSEL,9191
Bursa,3_ve_Yukari_Ingilizler,Handikap_16_H2,1400,Cim,59.5,4yda,65,KaancanGOKCE,8357
Bursa,4_ve_Yukari_Araplar,SARTLI_4,2400,Cim,56,7yaa,67,IbrahimHalilKETME,16668
Bursa,3_ve_Yukari_Ingilizler,SARTLI_5_Disi,1400,Cim,57,4ydk,70,AlicanINCI,8236
Bursa,3_Yasli_Ingilizler,Handikap_15_H2,2000,Cim,56,3yde,49,MertcanCELIK,12593
Bursa,4_ve_Yukari_Araplar,Handikap_14_Disi_H2,1800,Cim,57.5,5ydk,44,FurkanHIM,12098
Sanliurfa,2_Yasli_Ingilizler,Maiden,1300,Kum,57,2yde,27,AhmetARSLAN,8498
Sanliurfa,3_Yasli_Araplar,SARTLI_4,1400,Kum,56,3yke,48,YusufCENGIZ,9720
Sanliurfa,3_ve_Yukari_Ingilizler,Handikap_14_Disi_H3,1300,Kum,57.5,3yad,39,FeritYARDIMCI,8134
Sanliurfa,4_Yasli_Araplar,Handikap_16_H3,1900,Kum,52.5,4yaa,39,IsaAKYAVUZ,13727
Sanliurfa,3_ve_Yukari_Ingilizler,SARTLI_3,1800,Kum,58,6yda,75,YusufCENGIZ,11613
Sanliurfa,3_Yasli_Ingilizler,Handikap_14_H3,1700,Kum,54,3yde,34,MuhammedBaranCAKMAK,11035
Sanliurfa,4_ve_Yukari_Araplar,Handikap_15_H3,1300,Kum,63,5yaa,55,SamiKAPLAN,8887
Ankara,4_ve_Yukari_Araplar,Handikap_16_Disi_H1,2000,Kum,60,5yak,68,IsmailDEMIR,14822
Ankara,3_Yasli_Araplar,SARTLI_2,1400,Kum,60,3yae,42,HismanCIZIK,10132
Ankara,2_Yasli_Ingilizler,SARTLI_5_Disi,1200,Cim,57,2ydd,54,AhmetCELIK,7225
Ankara,4_ve_Yukari_Ingilizler,Handikap_15_H1,1600,Cim,57,4ydk,36,MuslumCELIK,9636
Ankara,3_Yasli_Ingilizler,Maiden,1900,Cim,58,3yde,28,MehmetSalihCELIK,11704
Ankara,4_ve_Yukari_Ingilizler,A_3,1500,Kum,58,4yda,97,OzcanYILDIRIM,9378
Ankara,4_ve_Yukari_Ingilizler,KV_7,1600,Cim,59,5yaa,99,AhmetCELIK,9510
Ankara,4_ve_Yukari_Araplar,KV_8,1500,Kum,59.5,9yka,108,OzcanYILDIRIM,10636
Ankara,3_Yasli_Ingilizler,Maiden,1900,Cim,58,3yae,35,AhmetCELIK,11728
Izmir,4_ve_Yukari_Araplar,Handikap_17_H2,1600,Kum,60,5yaa,71,NevzatAVCI,11219
Izmir,3_Yasli_Araplar,KV_7,1200,Cim,53,3yde,47,AhmetOLUK,7836
Izmir,3_Yasli_Ingilizler,Handikap_16_H2,1200,Cim,61,3ydd,59,AhmetOLUK,7039
Izmir,4_ve_Yukari_Ingilizler,Handikap_16_H2,2000,Kum,59.5,5yda,55,SinanOZEN,13192
Izmir,4_ve_Yukari_Araplar,SARTLI_4_Disi,1200,Kum,58,5ykk,52,AlicanINCI,8206
Izmir,3_Yasli_Ingilizler,SARTLI_4,1400,Kum,61,3yae,73,KadirTOKACOGLU,8838
Adana,2_Yasli_Ingilizler,SARTLI_3_Disi,1200,Cim,57,2ydd,40,HarunCANAKCI,7297
Adana,4_ve_Yukari_Araplar,Handikap_15_H2,1200,Cim,57,4yka,45,MehmetSalihCELIK,7891
Adana,3_Yasli_Araplar,SARTLI_3_Disi,1300,Kum,57,3ykd,35,IsaAKYAVUZ,9303
Adana,4_ve_Yukari_Araplar,SARTLI_5,1500,Kum,59.5,6yka,93,EmrahSINCAN,10310
Adana,3_Yasli_Ingilizler,SARTLI_4,1300,Cim,56,3ydd,49,MehmetSalihCELIK,7792
Adana,4_ve_Yukari_Ingilizler,SARTLI_4,1300,Cim,54,5yda,41,HarunKILICARSLAN,7823
Adana,3_Yasli_Ingilizler,Handikap_15_H2,2100,Cim,55.5,3yde,47,IsaAKYAVUZ,13313
Istanbul,3_Yasli_Araplar,KV_6,1200,Sentetik,57,3yde,64,TolgaYILDIZ,8079
Istanbul,4_ve_Yukari_Ingilizler,G_1,1600,Cim,58,5yaa,109,HismanCIZIK,9386
Istanbul,3_Yasli_Ingilizler,G_1,2000,Sentetik,58,3yde,54,TolgaYILDIZ,12526
Istanbul,3_Yasli_Ingilizler,G_1,2400,Cim,58,3yde,103,AhmetCELIK,14736
Istanbul,4_ve_Yukari_Ingilizler,G_2_Disi,1600,Cim,58,7yak,106,HismanCIZIK,9494
Istanbul,4_ve_Yukari_Araplar,G_2,1400,Cim,59,5yaa,117,AhmetCELIK,9001
Istanbul,3_Yasli_Ingilizler,G_2_Disi,1900,Cim,58,3ydd,106,OzcanYILDIRIM,11490
Bursa,3_Yasli_Ingilizler,SARTLI_4,2200,Cim,55,3yde,38,NevzatAVCI,13736
Bursa,4_ve_Yukari_Ingilizler,SATIS_1,1900,Kum,55,5yaa,49,SinanOZEN,12277
Bursa,2_Yasli_Ingilizler,SARTLI_3,1200,Kum,59,2yae,40,HuseyinSIMSEK,7664
Bursa,3_Yasli_Ingilizler,Handikap_15_Disi_H2,1300,Kum,50.5,3ydd,34,OnurATMACA,8059
Bursa,4_Yasli_Araplar,Handikap_16_Disi_H2,1200,Cim,51.5,4yak,40,NevzatAVCI,7777
Bursa,3_Yasli_Araplar,Maiden,1300,Kum,54,3yke,31,YunusEmreYUKSEL,9023
Bursa,4_ve_Yukari_Ingilizler,Handikap_14_H2,1200,Kum,52,4ydk,28,SelimIPEK,7364
Bursa,4_ve_Yukari_Araplar,Handikap_15_H2,1400,Kum,52.5,5yka,35,OnurYILDIZ,9555
Istanbul,3_Yasli_Araplar,SARTLI_3,1300,Sentetik,60,3yae,54,HismanCIZIK,8841
Istanbul,4_Yasli_Araplar,KV_6_Disi,1900,Cim,61,4yak,97,GokhanKOCAKAYA,12920
Istanbul,4_ve_Yukari_Araplar,Handikap_21_H1,2000,Sentetik,54.5,8yka,71,HismanCIZIK,13968
Istanbul,3_Yasli_Ingilizler,Maiden,1600,Cim,56,3ydd,37,AkinSOZEN,9697
Istanbul,3_Yasli_Ingilizler,G_3,1600,Cim,58,3yde,77,GokhanKOCAKAYA,9534
Istanbul,4_ve_Yukari_Ingilizler,A_3,2400,Cim,59,7yda,109,OzcanYILDIRIM,14956
Istanbul,4_Yasli_Araplar,G_1,2100,Cim,58,4yka,94,HalisKARATAS,14184
Istanbul,3_Yasli_Ingilizler,KV_8_Disi,2000,Sentetik,58,3ydd,78,HalisKARATAS,12708
Ankara,3_Yasli_Araplar,SARTLI_3_Disi,1300,Kum,58,3yad,44,HarunCANAKCI,9422
Ankara,2_Yasli_Ingilizler,KV_7,1200,Cim,53,2yde,41,AkinSOZEN,7200
Ankara,3_Yasli_Araplar,Maiden,1300,Cim,57,3yke,30,FatihRustemBEBEK,8906
Ankara,4_ve_Yukari_Araplar,Handikap_15_H1,1400,Kum,59,4yaa,58,AkinSOZEN,9955
Ankara,4_ve_Yukari_Ingilizler,SATIS_2,1500,Kum,58,4yda,60,HismanCIZIK,9605
Ankara,3_Yasli_Ingilizler,SARTLI_4,1400,Cim,58,3yae,50,AkinSOZEN,8344
Ankara,3_Yasli_Ingilizler,Handikap_14_Disi_H2,2000,Kum,58,3ydd,47,HalilYOLACICI,13555
Ankara,4_Yasli_Araplar,Handikap_14_H2,1400,Cim,57.5,4yka,49,SerkanYILDIZ,9367
Izmir,4_ve_Yukari_Araplar,SARTLI_5,1200,Cim,57,8yaa,74,MertcanCELIK,7785
Izmir,4_Yasli_Araplar,Handikap_16_H2,1800,Cim,50.5,4yka,46,GorkemOZCELIK,12188
Izmir,4_ve_Yukari_Ingilizler,Handikap_14_Disi_H2,1900,Kum,52.5,4yak,29,FeyzullahAVCI,12518
Izmir,4_ve_Yukari_Ingilizler,SARTLI_3,1400,Kum,56,6yag,88,AliALPAGUT,8744
Izmir,3_Yasli_Ingilizler,SARTLI_4,1300,Cim,54,3yde,57,AliALPAGUT,7756
Izmir,3_Yasli_Ingilizler,Handikap_15_H2,2100,Kum,53.5,3yae,38,MertcanCELIK,13810
Elazig,3_Yasli_Ingilizler,Maiden,1200,Kum,56,3yad,16,IsaAKYAVUZ,7991
Elazig,4_ve_Yukari_Ingilizler,SARTLI_5,1600,Kum,54,6yda,95,MehmetTASKAYA,10442
Elazig,2_Yasli_Ingilizler,SARTLI_3,1200,Kum,60,2yae,39,MehmetAliAKTURK,7915
Elazig,4_ve_Yukari_Araplar,SARTLI_2_Disi,1900,Kum,58,6yak,28,FeritYARDIMCI,14519
Elazig,3_Yasli_Ingilizler,Maiden,1200,Kum,58,3yde,26,HuseyinALTUNKILIC,7766
Elazig,4_ve_Yukari_Araplar,Handikap_13_H3,1200,Kum,60.5,12yka,31,HasanALTUNDAG,8576
Elazig,3_Yasli_Ingilizler,Handikap_16_H3,1900,Kum,57,3ydd,49,MehmetTASKAYA,12998
Elazig,4_Yasli_Araplar,KV_6,2000,Kum,54,4yaa,52,BurakBEKTAS,14933
Elazig,3_Yasli_Ingilizler,Maiden,1200,Kum,58,3yae,37,MehmetTASKAYA,7725
Istanbul,3_Yasli_Ingilizler,Maiden,2000,Sentetik,58,3yde,37,AhmetCELIK,12806
Istanbul,4_Yasli_Araplar,SARTLI_4_Disi,1400,Sentetik,54,4ydk,73,TolgaYILDIZ,9432
Istanbul,4_ve_Yukari_Araplar,SARTLI_5,2100,Sentetik,60,5yaa,100,GokhanKOCAKAYA,14593
Istanbul,3_Yasli_Ingilizler,Handikap_16_H2,2000,Sentetik,54.5,3yde,48,GokhanKOCAKAYA,12783
Istanbul,4_ve_Yukari_Araplar,Handikap_16_H1,1200,Sentetik,58,4yaa,67,GokhanKOCAKAYA,7982
Istanbul,4_ve_Yukari_Ingilizler,SARTLI_5,2100,Sentetik,55.5,5yda,66,AkinSOZEN,13189
Istanbul,4_ve_Yukari_Ingilizler,KV_8,1500,Sentetik,58,4yda,72,HalisKARATAS,9064
